date,state,district,cases
2020-03-11,Perlis,Kangar,
2020-03-12,Perlis,Kangar,
2020-03-13,Perlis,Kangar,
2020-03-14,Perlis,Kangar,
2020-03-15,Perlis,Kangar,
2020-03-16,Perlis,Kangar,
2020-03-17,Perlis,Kangar,
2020-03-18,Perlis,Kangar,
2020-03-19,Perlis,Kangar,
2020-03-20,Perlis,Kangar,
2020-03-21,Perlis,Kangar,9.0
2020-03-22,Perlis,Kangar,
2020-03-23,Perlis,Kangar,
2020-03-24,Perlis,Kangar,9.0
2020-03-25,Perlis,Kangar,10.0
2020-03-26,Perlis,Kangar,10.0
2020-03-27,Perlis,Kangar,
2020-03-28,Perlis,Kangar,10.0
2020-03-29,Perlis,Kangar,
2020-03-30,Perlis,Kangar,11.0
2020-03-31,Perlis,Kangar,
2020-04-01,Perlis,Kangar,
2020-04-02,Perlis,Kangar,
2020-04-03,Perlis,Kangar,
2020-03-10,Kedah,Kuala Muda,
2020-03-11,Kedah,Kuala Muda,
2020-03-12,Kedah,Kuala Muda,
2020-03-13,Kedah,Kuala Muda,
2020-03-14,Kedah,Kuala Muda,
2020-03-15,Kedah,Kuala Muda,
2020-03-16,Kedah,Kuala Muda,
2020-03-17,Kedah,Kuala Muda,
2020-03-18,Kedah,Kuala Muda,
2020-03-19,Kedah,Kuala Muda,
2020-03-20,Kedah,Kuala Muda,
2020-03-21,Kedah,Kuala Muda,23.0
2020-03-22,Kedah,Kuala Muda,
2020-03-23,Kedah,Kuala Muda,
2020-03-24,Kedah,Kuala Muda,27.0
2020-03-25,Kedah,Kuala Muda,28.0
2020-03-26,Kedah,Kuala Muda,28.0
2020-03-27,Kedah,Kuala Muda,
2020-03-28,Kedah,Kuala Muda,29.0
2020-03-29,Kedah,Kuala Muda,
2020-03-30,Kedah,Kuala Muda,30.0
2020-03-31,Kedah,Kuala Muda,
2020-04-01,Kedah,Kuala Muda,
2020-04-02,Kedah,Kuala Muda,
2020-04-03,Kedah,Kuala Muda,
2020-03-10,Kedah,Kota Setar,
2020-03-11,Kedah,Kota Setar,
2020-03-12,Kedah,Kota Setar,
2020-03-13,Kedah,Kota Setar,
2020-03-14,Kedah,Kota Setar,
2020-03-15,Kedah,Kota Setar,
2020-03-16,Kedah,Kota Setar,
2020-03-17,Kedah,Kota Setar,
2020-03-18,Kedah,Kota Setar,
2020-03-19,Kedah,Kota Setar,
2020-03-20,Kedah,Kota Setar,
2020-03-21,Kedah,Kota Setar,10.0
2020-03-22,Kedah,Kota Setar,
2020-03-23,Kedah,Kota Setar,
2020-03-24,Kedah,Kota Setar,15.0
2020-03-25,Kedah,Kota Setar,19.0
2020-03-26,Kedah,Kota Setar,22.0
2020-03-27,Kedah,Kota Setar,
2020-03-28,Kedah,Kota Setar,22.0
2020-03-29,Kedah,Kota Setar,
2020-03-30,Kedah,Kota Setar,22.0
2020-03-31,Kedah,Kota Setar,
2020-04-01,Kedah,Kota Setar,
2020-04-02,Kedah,Kota Setar,
2020-04-03,Kedah,Kota Setar,
2020-03-10,Kedah,Kubang Pasu,
2020-03-11,Kedah,Kubang Pasu,
2020-03-12,Kedah,Kubang Pasu,
2020-03-13,Kedah,Kubang Pasu,
2020-03-14,Kedah,Kubang Pasu,
2020-03-15,Kedah,Kubang Pasu,
2020-03-16,Kedah,Kubang Pasu,
2020-03-17,Kedah,Kubang Pasu,
2020-03-18,Kedah,Kubang Pasu,
2020-03-19,Kedah,Kubang Pasu,
2020-03-20,Kedah,Kubang Pasu,
2020-03-21,Kedah,Kubang Pasu,6.0
2020-03-22,Kedah,Kubang Pasu,
2020-03-23,Kedah,Kubang Pasu,
2020-03-24,Kedah,Kubang Pasu,7.0
2020-03-25,Kedah,Kubang Pasu,7.0
2020-03-26,Kedah,Kubang Pasu,7.0
2020-03-27,Kedah,Kubang Pasu,
2020-03-28,Kedah,Kubang Pasu,7.0
2020-03-29,Kedah,Kubang Pasu,
2020-03-30,Kedah,Kubang Pasu,7.0
2020-03-31,Kedah,Kubang Pasu,
2020-04-01,Kedah,Kubang Pasu,
2020-04-02,Kedah,Kubang Pasu,
2020-04-03,Kedah,Kubang Pasu,
2020-03-10,Kedah,Langkawi,
2020-03-11,Kedah,Langkawi,
2020-03-12,Kedah,Langkawi,
2020-03-13,Kedah,Langkawi,
2020-03-14,Kedah,Langkawi,
2020-03-15,Kedah,Langkawi,
2020-03-16,Kedah,Langkawi,
2020-03-17,Kedah,Langkawi,
2020-03-18,Kedah,Langkawi,
2020-03-19,Kedah,Langkawi,
2020-03-20,Kedah,Langkawi,
2020-03-21,Kedah,Langkawi,3.0
2020-03-22,Kedah,Langkawi,
2020-03-23,Kedah,Langkawi,
2020-03-24,Kedah,Langkawi,3.0
2020-03-25,Kedah,Langkawi,3.0
2020-03-26,Kedah,Langkawi,3.0
2020-03-27,Kedah,Langkawi,
2020-03-28,Kedah,Langkawi,4.0
2020-03-29,Kedah,Langkawi,
2020-03-30,Kedah,Langkawi,4.0
2020-03-31,Kedah,Langkawi,
2020-04-01,Kedah,Langkawi,
2020-04-02,Kedah,Langkawi,
2020-04-03,Kedah,Langkawi,
2020-03-10,Kedah,Pendang,
2020-03-11,Kedah,Pendang,
2020-03-12,Kedah,Pendang,
2020-03-13,Kedah,Pendang,
2020-03-14,Kedah,Pendang,
2020-03-15,Kedah,Pendang,
2020-03-16,Kedah,Pendang,
2020-03-17,Kedah,Pendang,
2020-03-18,Kedah,Pendang,
2020-03-19,Kedah,Pendang,
2020-03-20,Kedah,Pendang,
2020-03-21,Kedah,Pendang,2.0
2020-03-22,Kedah,Pendang,
2020-03-23,Kedah,Pendang,
2020-03-24,Kedah,Pendang,3.0
2020-03-25,Kedah,Pendang,3.0
2020-03-26,Kedah,Pendang,3.0
2020-03-27,Kedah,Pendang,
2020-03-28,Kedah,Pendang,3.0
2020-03-29,Kedah,Pendang,
2020-03-30,Kedah,Pendang,3.0
2020-03-31,Kedah,Pendang,
2020-04-01,Kedah,Pendang,
2020-04-02,Kedah,Pendang,
2020-04-03,Kedah,Pendang,
2020-03-10,Kedah,Baling,
2020-03-11,Kedah,Baling,
2020-03-12,Kedah,Baling,
2020-03-13,Kedah,Baling,
2020-03-14,Kedah,Baling,
2020-03-15,Kedah,Baling,
2020-03-16,Kedah,Baling,
2020-03-17,Kedah,Baling,
2020-03-18,Kedah,Baling,
2020-03-19,Kedah,Baling,
2020-03-20,Kedah,Baling,
2020-03-21,Kedah,Baling,1.0
2020-03-22,Kedah,Baling,
2020-03-23,Kedah,Baling,
2020-03-24,Kedah,Baling,1.0
2020-03-25,Kedah,Baling,1.0
2020-03-26,Kedah,Baling,1.0
2020-03-27,Kedah,Baling,
2020-03-28,Kedah,Baling,1.0
2020-03-29,Kedah,Baling,
2020-03-30,Kedah,Baling,1.0
2020-03-31,Kedah,Baling,
2020-04-01,Kedah,Baling,
2020-04-02,Kedah,Baling,
2020-04-03,Kedah,Baling,
2020-03-10,Kedah,Padang Terap,
2020-03-11,Kedah,Padang Terap,
2020-03-12,Kedah,Padang Terap,
2020-03-13,Kedah,Padang Terap,
2020-03-14,Kedah,Padang Terap,
2020-03-15,Kedah,Padang Terap,
2020-03-16,Kedah,Padang Terap,
2020-03-17,Kedah,Padang Terap,
2020-03-18,Kedah,Padang Terap,
2020-03-19,Kedah,Padang Terap,
2020-03-20,Kedah,Padang Terap,
2020-03-21,Kedah,Padang Terap,1.0
2020-03-22,Kedah,Padang Terap,
2020-03-23,Kedah,Padang Terap,
2020-03-24,Kedah,Padang Terap,1.0
2020-03-25,Kedah,Padang Terap,1.0
2020-03-26,Kedah,Padang Terap,1.0
2020-03-27,Kedah,Padang Terap,
2020-03-28,Kedah,Padang Terap,1.0
2020-03-29,Kedah,Padang Terap,
2020-03-30,Kedah,Padang Terap,1.0
2020-03-31,Kedah,Padang Terap,
2020-04-01,Kedah,Padang Terap,
2020-04-02,Kedah,Padang Terap,
2020-04-03,Kedah,Padang Terap,
2020-03-10,Kedah,Kulim,
2020-03-11,Kedah,Kulim,
2020-03-12,Kedah,Kulim,
2020-03-13,Kedah,Kulim,
2020-03-14,Kedah,Kulim,
2020-03-15,Kedah,Kulim,
2020-03-16,Kedah,Kulim,
2020-03-17,Kedah,Kulim,
2020-03-18,Kedah,Kulim,
2020-03-19,Kedah,Kulim,
2020-03-20,Kedah,Kulim,
2020-03-21,Kedah,Kulim,1.0
2020-03-22,Kedah,Kulim,
2020-03-23,Kedah,Kulim,
2020-03-24,Kedah,Kulim,5.0
2020-03-25,Kedah,Kulim,5.0
2020-03-26,Kedah,Kulim,5.0
2020-03-27,Kedah,Kulim,
2020-03-28,Kedah,Kulim,5.0
2020-03-29,Kedah,Kulim,
2020-03-30,Kedah,Kulim,7.0
2020-03-31,Kedah,Kulim,
2020-04-01,Kedah,Kulim,
2020-04-02,Kedah,Kulim,
2020-04-03,Kedah,Kulim,
2020-03-10,Kedah,Bandar Bahru,
2020-03-11,Kedah,Bandar Bahru,
2020-03-12,Kedah,Bandar Bahru,
2020-03-13,Kedah,Bandar Bahru,
2020-03-14,Kedah,Bandar Bahru,
2020-03-15,Kedah,Bandar Bahru,
2020-03-16,Kedah,Bandar Bahru,
2020-03-17,Kedah,Bandar Bahru,
2020-03-18,Kedah,Bandar Bahru,
2020-03-19,Kedah,Bandar Bahru,
2020-03-20,Kedah,Bandar Bahru,
2020-03-21,Kedah,Bandar Bahru,
2020-03-22,Kedah,Bandar Bahru,
2020-03-23,Kedah,Bandar Bahru,
2020-03-24,Kedah,Bandar Bahru,1.0
2020-03-25,Kedah,Bandar Bahru,1.0
2020-03-26,Kedah,Bandar Bahru,1.0
2020-03-27,Kedah,Bandar Bahru,
2020-03-28,Kedah,Bandar Bahru,1.0
2020-03-29,Kedah,Bandar Bahru,
2020-03-30,Kedah,Bandar Bahru,1.0
2020-03-31,Kedah,Bandar Bahru,
2020-04-01,Kedah,Bandar Bahru,
2020-04-02,Kedah,Bandar Bahru,
2020-04-03,Kedah,Bandar Bahru,
2020-03-10,Kedah,Sik,
2020-03-11,Kedah,Sik,
2020-03-12,Kedah,Sik,
2020-03-13,Kedah,Sik,
2020-03-14,Kedah,Sik,
2020-03-15,Kedah,Sik,
2020-03-16,Kedah,Sik,
2020-03-17,Kedah,Sik,
2020-03-18,Kedah,Sik,
2020-03-19,Kedah,Sik,
2020-03-20,Kedah,Sik,
2020-03-21,Kedah,Sik,
2020-03-22,Kedah,Sik,
2020-03-23,Kedah,Sik,
2020-03-24,Kedah,Sik,1.0
2020-03-25,Kedah,Sik,1.0
2020-03-26,Kedah,Sik,1.0
2020-03-27,Kedah,Sik,
2020-03-28,Kedah,Sik,1.0
2020-03-29,Kedah,Sik,
2020-03-30,Kedah,Sik,1.0
2020-03-31,Kedah,Sik,
2020-04-01,Kedah,Sik,
2020-04-02,Kedah,Sik,
2020-04-03,Kedah,Sik,
2020-03-10,Pulau Pinang,Seberang Perai Tengah,
2020-03-11,Pulau Pinang,Seberang Perai Tengah,
2020-03-12,Pulau Pinang,Seberang Perai Tengah,
2020-03-13,Pulau Pinang,Seberang Perai Tengah,
2020-03-14,Pulau Pinang,Seberang Perai Tengah,
2020-03-15,Pulau Pinang,Seberang Perai Tengah,
2020-03-16,Pulau Pinang,Seberang Perai Tengah,
2020-03-17,Pulau Pinang,Seberang Perai Tengah,
2020-03-18,Pulau Pinang,Seberang Perai Tengah,
2020-03-19,Pulau Pinang,Seberang Perai Tengah,
2020-03-20,Pulau Pinang,Seberang Perai Tengah,
2020-03-21,Pulau Pinang,Seberang Perai Tengah,34.0
2020-03-22,Pulau Pinang,Seberang Perai Tengah,
2020-03-23,Pulau Pinang,Seberang Perai Tengah,
2020-03-24,Pulau Pinang,Seberang Perai Tengah,22.0
2020-03-25,Pulau Pinang,Seberang Perai Tengah,23.0
2020-03-26,Pulau Pinang,Seberang Perai Tengah,23.0
2020-03-27,Pulau Pinang,Seberang Perai Tengah,
2020-03-28,Pulau Pinang,Seberang Perai Tengah,30.0
2020-03-29,Pulau Pinang,Seberang Perai Tengah,
2020-03-30,Pulau Pinang,Seberang Perai Tengah,30.0
2020-03-31,Pulau Pinang,Seberang Perai Tengah,
2020-04-01,Pulau Pinang,Seberang Perai Tengah,
2020-04-02,Pulau Pinang,Seberang Perai Tengah,
2020-04-03,Pulau Pinang,Seberang Perai Tengah,
2020-03-10,Pulau Pinang,Timur Laut,
2020-03-11,Pulau Pinang,Timur Laut,
2020-03-12,Pulau Pinang,Timur Laut,
2020-03-13,Pulau Pinang,Timur Laut,
2020-03-14,Pulau Pinang,Timur Laut,
2020-03-15,Pulau Pinang,Timur Laut,
2020-03-16,Pulau Pinang,Timur Laut,
2020-03-17,Pulau Pinang,Timur Laut,
2020-03-18,Pulau Pinang,Timur Laut,
2020-03-19,Pulau Pinang,Timur Laut,
2020-03-20,Pulau Pinang,Timur Laut,
2020-03-21,Pulau Pinang,Timur Laut,
2020-03-22,Pulau Pinang,Timur Laut,
2020-03-23,Pulau Pinang,Timur Laut,
2020-03-24,Pulau Pinang,Timur Laut,19.0
2020-03-25,Pulau Pinang,Timur Laut,20.0
2020-03-26,Pulau Pinang,Timur Laut,20.0
2020-03-27,Pulau Pinang,Timur Laut,
2020-03-28,Pulau Pinang,Timur Laut,26.0
2020-03-29,Pulau Pinang,Timur Laut,
2020-03-30,Pulau Pinang,Timur Laut,27.0
2020-03-31,Pulau Pinang,Timur Laut,
2020-04-01,Pulau Pinang,Timur Laut,
2020-04-02,Pulau Pinang,Timur Laut,
2020-04-03,Pulau Pinang,Timur Laut,
2020-03-10,Pulau Pinang,Seberang Perai Selatan,
2020-03-11,Pulau Pinang,Seberang Perai Selatan,
2020-03-12,Pulau Pinang,Seberang Perai Selatan,
2020-03-13,Pulau Pinang,Seberang Perai Selatan,
2020-03-14,Pulau Pinang,Seberang Perai Selatan,
2020-03-15,Pulau Pinang,Seberang Perai Selatan,
2020-03-16,Pulau Pinang,Seberang Perai Selatan,
2020-03-17,Pulau Pinang,Seberang Perai Selatan,
2020-03-18,Pulau Pinang,Seberang Perai Selatan,
2020-03-19,Pulau Pinang,Seberang Perai Selatan,
2020-03-20,Pulau Pinang,Seberang Perai Selatan,
2020-03-21,Pulau Pinang,Seberang Perai Selatan,
2020-03-22,Pulau Pinang,Seberang Perai Selatan,
2020-03-23,Pulau Pinang,Seberang Perai Selatan,
2020-03-24,Pulau Pinang,Seberang Perai Selatan,9.0
2020-03-25,Pulau Pinang,Seberang Perai Selatan,9.0
2020-03-26,Pulau Pinang,Seberang Perai Selatan,12.0
2020-03-27,Pulau Pinang,Seberang Perai Selatan,
2020-03-28,Pulau Pinang,Seberang Perai Selatan,9.0
2020-03-29,Pulau Pinang,Seberang Perai Selatan,
2020-03-30,Pulau Pinang,Seberang Perai Selatan,10.0
2020-03-31,Pulau Pinang,Seberang Perai Selatan,
2020-04-01,Pulau Pinang,Seberang Perai Selatan,
2020-04-02,Pulau Pinang,Seberang Perai Selatan,
2020-04-03,Pulau Pinang,Seberang Perai Selatan,
2020-03-10,Pulau Pinang,Barat Daya,
2020-03-11,Pulau Pinang,Barat Daya,
2020-03-12,Pulau Pinang,Barat Daya,
2020-03-13,Pulau Pinang,Barat Daya,
2020-03-14,Pulau Pinang,Barat Daya,
2020-03-15,Pulau Pinang,Barat Daya,
2020-03-16,Pulau Pinang,Barat Daya,
2020-03-17,Pulau Pinang,Barat Daya,
2020-03-18,Pulau Pinang,Barat Daya,
2020-03-19,Pulau Pinang,Barat Daya,
2020-03-20,Pulau Pinang,Barat Daya,
2020-03-21,Pulau Pinang,Barat Daya,
2020-03-22,Pulau Pinang,Barat Daya,
2020-03-23,Pulau Pinang,Barat Daya,
2020-03-24,Pulau Pinang,Barat Daya,7.0
2020-03-25,Pulau Pinang,Barat Daya,7.0
2020-03-26,Pulau Pinang,Barat Daya,8.0
2020-03-27,Pulau Pinang,Barat Daya,
2020-03-28,Pulau Pinang,Barat Daya,9.0
2020-03-29,Pulau Pinang,Barat Daya,
2020-03-30,Pulau Pinang,Barat Daya,9.0
2020-03-31,Pulau Pinang,Barat Daya,
2020-04-01,Pulau Pinang,Barat Daya,
2020-04-02,Pulau Pinang,Barat Daya,
2020-04-03,Pulau Pinang,Barat Daya,
2020-03-10,Pulau Pinang,Seberang Perai Utara,
2020-03-11,Pulau Pinang,Seberang Perai Utara,
2020-03-12,Pulau Pinang,Seberang Perai Utara,
2020-03-13,Pulau Pinang,Seberang Perai Utara,
2020-03-14,Pulau Pinang,Seberang Perai Utara,
2020-03-15,Pulau Pinang,Seberang Perai Utara,
2020-03-16,Pulau Pinang,Seberang Perai Utara,
2020-03-17,Pulau Pinang,Seberang Perai Utara,
2020-03-18,Pulau Pinang,Seberang Perai Utara,
2020-03-19,Pulau Pinang,Seberang Perai Utara,
2020-03-20,Pulau Pinang,Seberang Perai Utara,
2020-03-21,Pulau Pinang,Seberang Perai Utara,
2020-03-22,Pulau Pinang,Seberang Perai Utara,
2020-03-23,Pulau Pinang,Seberang Perai Utara,
2020-03-24,Pulau Pinang,Seberang Perai Utara,11.0
2020-03-25,Pulau Pinang,Seberang Perai Utara,11.0
2020-03-26,Pulau Pinang,Seberang Perai Utara,11.0
2020-03-27,Pulau Pinang,Seberang Perai Utara,
2020-03-28,Pulau Pinang,Seberang Perai Utara,12.0
2020-03-29,Pulau Pinang,Seberang Perai Utara,
2020-03-30,Pulau Pinang,Seberang Perai Utara,12.0
2020-03-31,Pulau Pinang,Seberang Perai Utara,
2020-04-01,Pulau Pinang,Seberang Perai Utara,
2020-04-02,Pulau Pinang,Seberang Perai Utara,
2020-04-03,Pulau Pinang,Seberang Perai Utara,
2020-03-10,Pulau Pinang,Seberang Perai,
2020-03-11,Pulau Pinang,Seberang Perai,
2020-03-12,Pulau Pinang,Seberang Perai,
2020-03-13,Pulau Pinang,Seberang Perai,
2020-03-14,Pulau Pinang,Seberang Perai,
2020-03-15,Pulau Pinang,Seberang Perai,
2020-03-16,Pulau Pinang,Seberang Perai,
2020-03-17,Pulau Pinang,Seberang Perai,
2020-03-18,Pulau Pinang,Seberang Perai,
2020-03-19,Pulau Pinang,Seberang Perai,
2020-03-20,Pulau Pinang,Seberang Perai,
2020-03-21,Pulau Pinang,Seberang Perai,16.0
2020-03-22,Pulau Pinang,Seberang Perai,
2020-03-23,Pulau Pinang,Seberang Perai,
2020-03-24,Pulau Pinang,Seberang Perai,
2020-03-25,Pulau Pinang,Seberang Perai,
2020-03-26,Pulau Pinang,Seberang Perai,
2020-03-27,Pulau Pinang,Seberang Perai,
2020-03-28,Pulau Pinang,Seberang Perai,
2020-03-29,Pulau Pinang,Seberang Perai,
2020-03-30,Pulau Pinang,Seberang Perai,
2020-03-31,Pulau Pinang,Seberang Perai,
2020-04-01,Pulau Pinang,Seberang Perai,
2020-04-02,Pulau Pinang,Seberang Perai,
2020-04-03,Pulau Pinang,Seberang Perai,
2020-03-10,Perak,Kinta,
2020-03-11,Perak,Kinta,
2020-03-12,Perak,Kinta,
2020-03-13,Perak,Kinta,
2020-03-14,Perak,Kinta,
2020-03-15,Perak,Kinta,
2020-03-16,Perak,Kinta,
2020-03-17,Perak,Kinta,
2020-03-18,Perak,Kinta,
2020-03-19,Perak,Kinta,
2020-03-20,Perak,Kinta,
2020-03-21,Perak,Kinta,21.0
2020-03-22,Perak,Kinta,
2020-03-23,Perak,Kinta,
2020-03-24,Perak,Kinta,34.0
2020-03-25,Perak,Kinta,41.0
2020-03-26,Perak,Kinta,56.0
2020-03-27,Perak,Kinta,
2020-03-28,Perak,Kinta,66.0
2020-03-29,Perak,Kinta,
2020-03-30,Perak,Kinta,76.0
2020-03-31,Perak,Kinta,
2020-04-01,Perak,Kinta,
2020-04-02,Perak,Kinta,
2020-04-03,Perak,Kinta,
2020-03-10,Perak,Hilir Perak,
2020-03-11,Perak,Hilir Perak,
2020-03-12,Perak,Hilir Perak,
2020-03-13,Perak,Hilir Perak,
2020-03-14,Perak,Hilir Perak,
2020-03-15,Perak,Hilir Perak,
2020-03-16,Perak,Hilir Perak,
2020-03-17,Perak,Hilir Perak,
2020-03-18,Perak,Hilir Perak,
2020-03-19,Perak,Hilir Perak,
2020-03-20,Perak,Hilir Perak,
2020-03-21,Perak,Hilir Perak,13.0
2020-03-22,Perak,Hilir Perak,
2020-03-23,Perak,Hilir Perak,
2020-03-24,Perak,Hilir Perak,32.0
2020-03-25,Perak,Hilir Perak,48.0
2020-03-26,Perak,Hilir Perak,52.0
2020-03-27,Perak,Hilir Perak,
2020-03-28,Perak,Hilir Perak,53.0
2020-03-29,Perak,Hilir Perak,
2020-03-30,Perak,Hilir Perak,56.0
2020-03-31,Perak,Hilir Perak,
2020-04-01,Perak,Hilir Perak,
2020-04-02,Perak,Hilir Perak,
2020-04-03,Perak,Hilir Perak,
2020-03-10,Perak,Kerian,
2020-03-11,Perak,Kerian,
2020-03-12,Perak,Kerian,
2020-03-13,Perak,Kerian,
2020-03-14,Perak,Kerian,
2020-03-15,Perak,Kerian,
2020-03-16,Perak,Kerian,
2020-03-17,Perak,Kerian,
2020-03-18,Perak,Kerian,
2020-03-19,Perak,Kerian,
2020-03-20,Perak,Kerian,
2020-03-21,Perak,Kerian,7.0
2020-03-22,Perak,Kerian,
2020-03-23,Perak,Kerian,
2020-03-24,Perak,Kerian,7.0
2020-03-25,Perak,Kerian,9.0
2020-03-26,Perak,Kerian,9.0
2020-03-27,Perak,Kerian,
2020-03-28,Perak,Kerian,12.0
2020-03-29,Perak,Kerian,
2020-03-30,Perak,Kerian,13.0
2020-03-31,Perak,Kerian,
2020-04-01,Perak,Kerian,
2020-04-02,Perak,Kerian,
2020-04-03,Perak,Kerian,
2020-03-10,Perak,Perak Tengah,
2020-03-11,Perak,Perak Tengah,
2020-03-12,Perak,Perak Tengah,
2020-03-13,Perak,Perak Tengah,
2020-03-14,Perak,Perak Tengah,
2020-03-15,Perak,Perak Tengah,
2020-03-16,Perak,Perak Tengah,
2020-03-17,Perak,Perak Tengah,
2020-03-18,Perak,Perak Tengah,
2020-03-19,Perak,Perak Tengah,
2020-03-20,Perak,Perak Tengah,
2020-03-21,Perak,Perak Tengah,6.0
2020-03-22,Perak,Perak Tengah,
2020-03-23,Perak,Perak Tengah,
2020-03-24,Perak,Perak Tengah,7.0
2020-03-25,Perak,Perak Tengah,7.0
2020-03-26,Perak,Perak Tengah,7.0
2020-03-27,Perak,Perak Tengah,
2020-03-28,Perak,Perak Tengah,7.0
2020-03-29,Perak,Perak Tengah,
2020-03-30,Perak,Perak Tengah,7.0
2020-03-31,Perak,Perak Tengah,
2020-04-01,Perak,Perak Tengah,
2020-04-02,Perak,Perak Tengah,
2020-04-03,Perak,Perak Tengah,
2020-03-10,Perak,Manjung,
2020-03-11,Perak,Manjung,
2020-03-12,Perak,Manjung,
2020-03-13,Perak,Manjung,
2020-03-14,Perak,Manjung,
2020-03-15,Perak,Manjung,
2020-03-16,Perak,Manjung,
2020-03-17,Perak,Manjung,
2020-03-18,Perak,Manjung,
2020-03-19,Perak,Manjung,
2020-03-20,Perak,Manjung,
2020-03-21,Perak,Manjung,4.0
2020-03-22,Perak,Manjung,
2020-03-23,Perak,Manjung,
2020-03-24,Perak,Manjung,7.0
2020-03-25,Perak,Manjung,8.0
2020-03-26,Perak,Manjung,9.0
2020-03-27,Perak,Manjung,
2020-03-28,Perak,Manjung,9.0
2020-03-29,Perak,Manjung,
2020-03-30,Perak,Manjung,11.0
2020-03-31,Perak,Manjung,
2020-04-01,Perak,Manjung,
2020-04-02,Perak,Manjung,
2020-04-03,Perak,Manjung,
2020-03-10,Perak,"Larut, Matang, Selama",
2020-03-11,Perak,"Larut, Matang, Selama",
2020-03-12,Perak,"Larut, Matang, Selama",
2020-03-13,Perak,"Larut, Matang, Selama",
2020-03-14,Perak,"Larut, Matang, Selama",
2020-03-15,Perak,"Larut, Matang, Selama",
2020-03-16,Perak,"Larut, Matang, Selama",
2020-03-17,Perak,"Larut, Matang, Selama",
2020-03-18,Perak,"Larut, Matang, Selama",
2020-03-19,Perak,"Larut, Matang, Selama",
2020-03-20,Perak,"Larut, Matang, Selama",
2020-03-21,Perak,"Larut, Matang, Selama",3.0
2020-03-22,Perak,"Larut, Matang, Selama",
2020-03-23,Perak,"Larut, Matang, Selama",
2020-03-24,Perak,"Larut, Matang, Selama",5.0
2020-03-25,Perak,"Larut, Matang, Selama",5.0
2020-03-26,Perak,"Larut, Matang, Selama",8.0
2020-03-27,Perak,"Larut, Matang, Selama",
2020-03-28,Perak,"Larut, Matang, Selama",8.0
2020-03-29,Perak,"Larut, Matang, Selama",
2020-03-30,Perak,"Larut, Matang, Selama",11.0
2020-03-31,Perak,"Larut, Matang, Selama",
2020-04-01,Perak,"Larut, Matang, Selama",
2020-04-02,Perak,"Larut, Matang, Selama",
2020-04-03,Perak,"Larut, Matang, Selama",
2020-03-10,Perak,Hulu Perak,
2020-03-11,Perak,Hulu Perak,
2020-03-12,Perak,Hulu Perak,
2020-03-13,Perak,Hulu Perak,
2020-03-14,Perak,Hulu Perak,
2020-03-15,Perak,Hulu Perak,
2020-03-16,Perak,Hulu Perak,
2020-03-17,Perak,Hulu Perak,
2020-03-18,Perak,Hulu Perak,
2020-03-19,Perak,Hulu Perak,
2020-03-20,Perak,Hulu Perak,
2020-03-21,Perak,Hulu Perak,
2020-03-22,Perak,Hulu Perak,
2020-03-23,Perak,Hulu Perak,
2020-03-24,Perak,Hulu Perak,2.0
2020-03-25,Perak,Hulu Perak,5.0
2020-03-26,Perak,Hulu Perak,5.0
2020-03-27,Perak,Hulu Perak,
2020-03-28,Perak,Hulu Perak,5.0
2020-03-29,Perak,Hulu Perak,
2020-03-30,Perak,Hulu Perak,5.0
2020-03-31,Perak,Hulu Perak,
2020-04-01,Perak,Hulu Perak,
2020-04-02,Perak,Hulu Perak,
2020-04-03,Perak,Hulu Perak,
2020-03-10,Perak,Batang Padang,
2020-03-11,Perak,Batang Padang,
2020-03-12,Perak,Batang Padang,
2020-03-13,Perak,Batang Padang,
2020-03-14,Perak,Batang Padang,
2020-03-15,Perak,Batang Padang,
2020-03-16,Perak,Batang Padang,
2020-03-17,Perak,Batang Padang,
2020-03-18,Perak,Batang Padang,
2020-03-19,Perak,Batang Padang,
2020-03-20,Perak,Batang Padang,
2020-03-21,Perak,Batang Padang,1.0
2020-03-22,Perak,Batang Padang,
2020-03-23,Perak,Batang Padang,
2020-03-24,Perak,Batang Padang,3.0
2020-03-25,Perak,Batang Padang,3.0
2020-03-26,Perak,Batang Padang,3.0
2020-03-27,Perak,Batang Padang,
2020-03-28,Perak,Batang Padang,3.0
2020-03-29,Perak,Batang Padang,
2020-03-30,Perak,Batang Padang,3.0
2020-03-31,Perak,Batang Padang,
2020-04-01,Perak,Batang Padang,
2020-04-02,Perak,Batang Padang,
2020-04-03,Perak,Batang Padang,
2020-03-10,Perak,Mualim,
2020-03-11,Perak,Mualim,
2020-03-12,Perak,Mualim,
2020-03-13,Perak,Mualim,
2020-03-14,Perak,Mualim,
2020-03-15,Perak,Mualim,
2020-03-16,Perak,Mualim,
2020-03-17,Perak,Mualim,
2020-03-18,Perak,Mualim,
2020-03-19,Perak,Mualim,
2020-03-20,Perak,Mualim,
2020-03-21,Perak,Mualim,
2020-03-22,Perak,Mualim,
2020-03-23,Perak,Mualim,
2020-03-24,Perak,Mualim,1.0
2020-03-25,Perak,Mualim,1.0
2020-03-26,Perak,Mualim,1.0
2020-03-27,Perak,Mualim,
2020-03-28,Perak,Mualim,1.0
2020-03-29,Perak,Mualim,
2020-03-30,Perak,Mualim,1.0
2020-03-31,Perak,Mualim,
2020-04-01,Perak,Mualim,
2020-04-02,Perak,Mualim,
2020-04-03,Perak,Mualim,
2020-03-10,Perak,Kuala Kangsar,
2020-03-11,Perak,Kuala Kangsar,
2020-03-12,Perak,Kuala Kangsar,
2020-03-13,Perak,Kuala Kangsar,
2020-03-14,Perak,Kuala Kangsar,
2020-03-15,Perak,Kuala Kangsar,
2020-03-16,Perak,Kuala Kangsar,
2020-03-17,Perak,Kuala Kangsar,
2020-03-18,Perak,Kuala Kangsar,
2020-03-19,Perak,Kuala Kangsar,
2020-03-20,Perak,Kuala Kangsar,
2020-03-21,Perak,Kuala Kangsar,
2020-03-22,Perak,Kuala Kangsar,
2020-03-23,Perak,Kuala Kangsar,
2020-03-24,Perak,Kuala Kangsar,
2020-03-25,Perak,Kuala Kangsar,
2020-03-26,Perak,Kuala Kangsar,
2020-03-27,Perak,Kuala Kangsar,
2020-03-28,Perak,Kuala Kangsar,1.0
2020-03-29,Perak,Kuala Kangsar,
2020-03-30,Perak,Kuala Kangsar,1.0
2020-03-31,Perak,Kuala Kangsar,
2020-04-01,Perak,Kuala Kangsar,
2020-04-02,Perak,Kuala Kangsar,
2020-04-03,Perak,Kuala Kangsar,
2020-03-10,Selangor,Petaling /Petaling Jaya,
2020-03-11,Selangor,Petaling /Petaling Jaya,
2020-03-12,Selangor,Petaling /Petaling Jaya,
2020-03-13,Selangor,Petaling /Petaling Jaya,
2020-03-14,Selangor,Petaling /Petaling Jaya,
2020-03-15,Selangor,Petaling /Petaling Jaya,
2020-03-16,Selangor,Petaling /Petaling Jaya,
2020-03-17,Selangor,Petaling /Petaling Jaya,
2020-03-18,Selangor,Petaling /Petaling Jaya,
2020-03-19,Selangor,Petaling /Petaling Jaya,
2020-03-20,Selangor,Petaling /Petaling Jaya,
2020-03-21,Selangor,Petaling /Petaling Jaya,95.0
2020-03-22,Selangor,Petaling /Petaling Jaya,
2020-03-23,Selangor,Petaling /Petaling Jaya,
2020-03-24,Selangor,Petaling /Petaling Jaya,158.0
2020-03-25,Selangor,Petaling /Petaling Jaya,167.0
2020-03-26,Selangor,Petaling /Petaling Jaya,176.0
2020-03-27,Selangor,Petaling /Petaling Jaya,
2020-03-28,Selangor,Petaling /Petaling Jaya,209.0
2020-03-29,Selangor,Petaling /Petaling Jaya,
2020-03-30,Selangor,Petaling /Petaling Jaya,224.0
2020-03-31,Selangor,Petaling /Petaling Jaya,
2020-04-01,Selangor,Petaling /Petaling Jaya,
2020-04-02,Selangor,Petaling /Petaling Jaya,
2020-04-03,Selangor,Petaling /Petaling Jaya,
2020-03-10,Selangor,Hulu Langat,
2020-03-11,Selangor,Hulu Langat,
2020-03-12,Selangor,Hulu Langat,
2020-03-13,Selangor,Hulu Langat,
2020-03-14,Selangor,Hulu Langat,
2020-03-15,Selangor,Hulu Langat,
2020-03-16,Selangor,Hulu Langat,
2020-03-17,Selangor,Hulu Langat,
2020-03-18,Selangor,Hulu Langat,
2020-03-19,Selangor,Hulu Langat,
2020-03-20,Selangor,Hulu Langat,
2020-03-21,Selangor,Hulu Langat,75.0
2020-03-22,Selangor,Hulu Langat,
2020-03-23,Selangor,Hulu Langat,
2020-03-24,Selangor,Hulu Langat,103.0
2020-03-25,Selangor,Hulu Langat,132.0
2020-03-26,Selangor,Hulu Langat,186.0
2020-03-27,Selangor,Hulu Langat,
2020-03-28,Selangor,Hulu Langat,206.0
2020-03-29,Selangor,Hulu Langat,
2020-03-30,Selangor,Hulu Langat,258.0
2020-03-31,Selangor,Hulu Langat,
2020-04-01,Selangor,Hulu Langat,
2020-04-02,Selangor,Hulu Langat,
2020-04-03,Selangor,Hulu Langat,
2020-03-10,Selangor,Gombak,
2020-03-11,Selangor,Gombak,
2020-03-12,Selangor,Gombak,
2020-03-13,Selangor,Gombak,
2020-03-14,Selangor,Gombak,
2020-03-15,Selangor,Gombak,
2020-03-16,Selangor,Gombak,
2020-03-17,Selangor,Gombak,
2020-03-18,Selangor,Gombak,
2020-03-19,Selangor,Gombak,
2020-03-20,Selangor,Gombak,
2020-03-21,Selangor,Gombak,38.0
2020-03-22,Selangor,Gombak,
2020-03-23,Selangor,Gombak,
2020-03-24,Selangor,Gombak,50.0
2020-03-25,Selangor,Gombak,53.0
2020-03-26,Selangor,Gombak,54.0
2020-03-27,Selangor,Gombak,
2020-03-28,Selangor,Gombak,57.0
2020-03-29,Selangor,Gombak,
2020-03-30,Selangor,Gombak,59.0
2020-03-31,Selangor,Gombak,
2020-04-01,Selangor,Gombak,
2020-04-02,Selangor,Gombak,
2020-04-03,Selangor,Gombak,
2020-03-10,Selangor,Klang,
2020-03-11,Selangor,Klang,
2020-03-12,Selangor,Klang,
2020-03-13,Selangor,Klang,
2020-03-14,Selangor,Klang,
2020-03-15,Selangor,Klang,
2020-03-16,Selangor,Klang,
2020-03-17,Selangor,Klang,
2020-03-18,Selangor,Klang,
2020-03-19,Selangor,Klang,
2020-03-20,Selangor,Klang,
2020-03-21,Selangor,Klang,23.0
2020-03-22,Selangor,Klang,
2020-03-23,Selangor,Klang,
2020-03-24,Selangor,Klang,28.0
2020-03-25,Selangor,Klang,35.0
2020-03-26,Selangor,Klang,44.0
2020-03-27,Selangor,Klang,
2020-03-28,Selangor,Klang,51.0
2020-03-29,Selangor,Klang,
2020-03-30,Selangor,Klang,70.0
2020-03-31,Selangor,Klang,
2020-04-01,Selangor,Klang,
2020-04-02,Selangor,Klang,
2020-04-03,Selangor,Klang,
2020-03-10,Selangor,Kuala Selangor,
2020-03-11,Selangor,Kuala Selangor,
2020-03-12,Selangor,Kuala Selangor,
2020-03-13,Selangor,Kuala Selangor,
2020-03-14,Selangor,Kuala Selangor,
2020-03-15,Selangor,Kuala Selangor,
2020-03-16,Selangor,Kuala Selangor,
2020-03-17,Selangor,Kuala Selangor,
2020-03-18,Selangor,Kuala Selangor,
2020-03-19,Selangor,Kuala Selangor,
2020-03-20,Selangor,Kuala Selangor,
2020-03-21,Selangor,Kuala Selangor,17.0
2020-03-22,Selangor,Kuala Selangor,
2020-03-23,Selangor,Kuala Selangor,
2020-03-24,Selangor,Kuala Selangor,17.0
2020-03-25,Selangor,Kuala Selangor,18.0
2020-03-26,Selangor,Kuala Selangor,18.0
2020-03-27,Selangor,Kuala Selangor,
2020-03-28,Selangor,Kuala Selangor,18.0
2020-03-29,Selangor,Kuala Selangor,
2020-03-30,Selangor,Kuala Selangor,18.0
2020-03-31,Selangor,Kuala Selangor,
2020-04-01,Selangor,Kuala Selangor,
2020-04-02,Selangor,Kuala Selangor,
2020-04-03,Selangor,Kuala Selangor,
2020-03-10,Selangor,Sepang,
2020-03-11,Selangor,Sepang,
2020-03-12,Selangor,Sepang,
2020-03-13,Selangor,Sepang,
2020-03-14,Selangor,Sepang,
2020-03-15,Selangor,Sepang,
2020-03-16,Selangor,Sepang,
2020-03-17,Selangor,Sepang,
2020-03-18,Selangor,Sepang,
2020-03-19,Selangor,Sepang,
2020-03-20,Selangor,Sepang,
2020-03-21,Selangor,Sepang,8.0
2020-03-22,Selangor,Sepang,
2020-03-23,Selangor,Sepang,
2020-03-24,Selangor,Sepang,9.0
2020-03-25,Selangor,Sepang,9.0
2020-03-26,Selangor,Sepang,9.0
2020-03-27,Selangor,Sepang,
2020-03-28,Selangor,Sepang,11.0
2020-03-29,Selangor,Sepang,
2020-03-30,Selangor,Sepang,14.0
2020-03-31,Selangor,Sepang,
2020-04-01,Selangor,Sepang,
2020-04-02,Selangor,Sepang,
2020-04-03,Selangor,Sepang,
2020-03-10,Selangor,Kuala Langat,
2020-03-11,Selangor,Kuala Langat,
2020-03-12,Selangor,Kuala Langat,
2020-03-13,Selangor,Kuala Langat,
2020-03-14,Selangor,Kuala Langat,
2020-03-15,Selangor,Kuala Langat,
2020-03-16,Selangor,Kuala Langat,
2020-03-17,Selangor,Kuala Langat,
2020-03-18,Selangor,Kuala Langat,
2020-03-19,Selangor,Kuala Langat,
2020-03-20,Selangor,Kuala Langat,
2020-03-21,Selangor,Kuala Langat,8.0
2020-03-22,Selangor,Kuala Langat,
2020-03-23,Selangor,Kuala Langat,
2020-03-24,Selangor,Kuala Langat,8.0
2020-03-25,Selangor,Kuala Langat,10.0
2020-03-26,Selangor,Kuala Langat,12.0
2020-03-27,Selangor,Kuala Langat,
2020-03-28,Selangor,Kuala Langat,14.0
2020-03-29,Selangor,Kuala Langat,
2020-03-30,Selangor,Kuala Langat,15.0
2020-03-31,Selangor,Kuala Langat,
2020-04-01,Selangor,Kuala Langat,
2020-04-02,Selangor,Kuala Langat,
2020-04-03,Selangor,Kuala Langat,
2020-03-10,Selangor,Hulu Selangor,
2020-03-11,Selangor,Hulu Selangor,
2020-03-12,Selangor,Hulu Selangor,
2020-03-13,Selangor,Hulu Selangor,
2020-03-14,Selangor,Hulu Selangor,
2020-03-15,Selangor,Hulu Selangor,
2020-03-16,Selangor,Hulu Selangor,
2020-03-17,Selangor,Hulu Selangor,
2020-03-18,Selangor,Hulu Selangor,
2020-03-19,Selangor,Hulu Selangor,
2020-03-20,Selangor,Hulu Selangor,
2020-03-21,Selangor,Hulu Selangor,3.0
2020-03-22,Selangor,Hulu Selangor,
2020-03-23,Selangor,Hulu Selangor,
2020-03-24,Selangor,Hulu Selangor,5.0
2020-03-25,Selangor,Hulu Selangor,7.0
2020-03-26,Selangor,Hulu Selangor,7.0
2020-03-27,Selangor,Hulu Selangor,
2020-03-28,Selangor,Hulu Selangor,9.0
2020-03-29,Selangor,Hulu Selangor,
2020-03-30,Selangor,Hulu Selangor,10.0
2020-03-31,Selangor,Hulu Selangor,
2020-04-01,Selangor,Hulu Selangor,
2020-04-02,Selangor,Hulu Selangor,
2020-04-03,Selangor,Hulu Selangor,
2020-03-10,Selangor,Sabak Bernam,
2020-03-11,Selangor,Sabak Bernam,
2020-03-12,Selangor,Sabak Bernam,
2020-03-13,Selangor,Sabak Bernam,
2020-03-14,Selangor,Sabak Bernam,
2020-03-15,Selangor,Sabak Bernam,
2020-03-16,Selangor,Sabak Bernam,
2020-03-17,Selangor,Sabak Bernam,
2020-03-18,Selangor,Sabak Bernam,
2020-03-19,Selangor,Sabak Bernam,
2020-03-20,Selangor,Sabak Bernam,
2020-03-21,Selangor,Sabak Bernam,
2020-03-22,Selangor,Sabak Bernam,
2020-03-23,Selangor,Sabak Bernam,
2020-03-24,Selangor,Sabak Bernam,
2020-03-25,Selangor,Sabak Bernam,
2020-03-26,Selangor,Sabak Bernam,
2020-03-27,Selangor,Sabak Bernam,
2020-03-28,Selangor,Sabak Bernam,1.0
2020-03-29,Selangor,Sabak Bernam,
2020-03-30,Selangor,Sabak Bernam,1.0
2020-03-31,Selangor,Sabak Bernam,
2020-04-01,Selangor,Sabak Bernam,
2020-04-02,Selangor,Sabak Bernam,
2020-04-03,Selangor,Sabak Bernam,
2020-03-10,WP Kuala Lumpur,Lembah Pantai,
2020-03-11,WP Kuala Lumpur,Lembah Pantai,
2020-03-12,WP Kuala Lumpur,Lembah Pantai,
2020-03-13,WP Kuala Lumpur,Lembah Pantai,
2020-03-14,WP Kuala Lumpur,Lembah Pantai,
2020-03-15,WP Kuala Lumpur,Lembah Pantai,
2020-03-16,WP Kuala Lumpur,Lembah Pantai,
2020-03-17,WP Kuala Lumpur,Lembah Pantai,
2020-03-18,WP Kuala Lumpur,Lembah Pantai,
2020-03-19,WP Kuala Lumpur,Lembah Pantai,
2020-03-20,WP Kuala Lumpur,Lembah Pantai,
2020-03-21,WP Kuala Lumpur,Lembah Pantai,90.0
2020-03-22,WP Kuala Lumpur,Lembah Pantai,
2020-03-23,WP Kuala Lumpur,Lembah Pantai,
2020-03-24,WP Kuala Lumpur,Lembah Pantai,167.0
2020-03-25,WP Kuala Lumpur,Lembah Pantai,167.0
2020-03-26,WP Kuala Lumpur,Lembah Pantai,208.0
2020-03-27,WP Kuala Lumpur,Lembah Pantai,
2020-03-28,WP Kuala Lumpur,Lembah Pantai,218.0
2020-03-29,WP Kuala Lumpur,Lembah Pantai,
2020-03-30,WP Kuala Lumpur,Lembah Pantai,226.0
2020-03-31,WP Kuala Lumpur,Lembah Pantai,
2020-04-01,WP Kuala Lumpur,Lembah Pantai,
2020-04-02,WP Kuala Lumpur,Lembah Pantai,
2020-04-03,WP Kuala Lumpur,Lembah Pantai,
2020-03-10,WP Kuala Lumpur,Titiwangsa,
2020-03-11,WP Kuala Lumpur,Titiwangsa,
2020-03-12,WP Kuala Lumpur,Titiwangsa,
2020-03-13,WP Kuala Lumpur,Titiwangsa,
2020-03-14,WP Kuala Lumpur,Titiwangsa,
2020-03-15,WP Kuala Lumpur,Titiwangsa,
2020-03-16,WP Kuala Lumpur,Titiwangsa,
2020-03-17,WP Kuala Lumpur,Titiwangsa,
2020-03-18,WP Kuala Lumpur,Titiwangsa,
2020-03-19,WP Kuala Lumpur,Titiwangsa,
2020-03-20,WP Kuala Lumpur,Titiwangsa,
2020-03-21,WP Kuala Lumpur,Titiwangsa,41.0
2020-03-22,WP Kuala Lumpur,Titiwangsa,
2020-03-23,WP Kuala Lumpur,Titiwangsa,
2020-03-24,WP Kuala Lumpur,Titiwangsa,46.0
2020-03-25,WP Kuala Lumpur,Titiwangsa,49.0
2020-03-26,WP Kuala Lumpur,Titiwangsa,49.0
2020-03-27,WP Kuala Lumpur,Titiwangsa,
2020-03-28,WP Kuala Lumpur,Titiwangsa,51.0
2020-03-29,WP Kuala Lumpur,Titiwangsa,
2020-03-30,WP Kuala Lumpur,Titiwangsa,64.0
2020-03-31,WP Kuala Lumpur,Titiwangsa,
2020-04-01,WP Kuala Lumpur,Titiwangsa,
2020-04-02,WP Kuala Lumpur,Titiwangsa,
2020-04-03,WP Kuala Lumpur,Titiwangsa,
2020-03-10,WP Kuala Lumpur,Kepong,
2020-03-11,WP Kuala Lumpur,Kepong,
2020-03-12,WP Kuala Lumpur,Kepong,
2020-03-13,WP Kuala Lumpur,Kepong,
2020-03-14,WP Kuala Lumpur,Kepong,
2020-03-15,WP Kuala Lumpur,Kepong,
2020-03-16,WP Kuala Lumpur,Kepong,
2020-03-17,WP Kuala Lumpur,Kepong,
2020-03-18,WP Kuala Lumpur,Kepong,
2020-03-19,WP Kuala Lumpur,Kepong,
2020-03-20,WP Kuala Lumpur,Kepong,
2020-03-21,WP Kuala Lumpur,Kepong,24.0
2020-03-22,WP Kuala Lumpur,Kepong,
2020-03-23,WP Kuala Lumpur,Kepong,
2020-03-24,WP Kuala Lumpur,Kepong,32.0
2020-03-25,WP Kuala Lumpur,Kepong,38.0
2020-03-26,WP Kuala Lumpur,Kepong,45.0
2020-03-27,WP Kuala Lumpur,Kepong,
2020-03-28,WP Kuala Lumpur,Kepong,50.0
2020-03-29,WP Kuala Lumpur,Kepong,
2020-03-30,WP Kuala Lumpur,Kepong,75.0
2020-03-31,WP Kuala Lumpur,Kepong,
2020-04-01,WP Kuala Lumpur,Kepong,
2020-04-02,WP Kuala Lumpur,Kepong,
2020-04-03,WP Kuala Lumpur,Kepong,
2020-03-10,WP Kuala Lumpur,Cheras,
2020-03-11,WP Kuala Lumpur,Cheras,
2020-03-12,WP Kuala Lumpur,Cheras,
2020-03-13,WP Kuala Lumpur,Cheras,
2020-03-14,WP Kuala Lumpur,Cheras,
2020-03-15,WP Kuala Lumpur,Cheras,
2020-03-16,WP Kuala Lumpur,Cheras,
2020-03-17,WP Kuala Lumpur,Cheras,
2020-03-18,WP Kuala Lumpur,Cheras,
2020-03-19,WP Kuala Lumpur,Cheras,
2020-03-20,WP Kuala Lumpur,Cheras,
2020-03-21,WP Kuala Lumpur,Cheras,11.0
2020-03-22,WP Kuala Lumpur,Cheras,
2020-03-23,WP Kuala Lumpur,Cheras,
2020-03-24,WP Kuala Lumpur,Cheras,12.0
2020-03-25,WP Kuala Lumpur,Cheras,16.0
2020-03-26,WP Kuala Lumpur,Cheras,19.0
2020-03-27,WP Kuala Lumpur,Cheras,
2020-03-28,WP Kuala Lumpur,Cheras,25.0
2020-03-29,WP Kuala Lumpur,Cheras,
2020-03-30,WP Kuala Lumpur,Cheras,31.0
2020-03-31,WP Kuala Lumpur,Cheras,
2020-04-01,WP Kuala Lumpur,Cheras,
2020-04-02,WP Kuala Lumpur,Cheras,
2020-04-03,WP Kuala Lumpur,Cheras,
2020-03-10,WP Putrajaya,Putrajaya,
2020-03-11,WP Putrajaya,Putrajaya,
2020-03-12,WP Putrajaya,Putrajaya,
2020-03-13,WP Putrajaya,Putrajaya,
2020-03-14,WP Putrajaya,Putrajaya,
2020-03-15,WP Putrajaya,Putrajaya,
2020-03-16,WP Putrajaya,Putrajaya,
2020-03-17,WP Putrajaya,Putrajaya,
2020-03-18,WP Putrajaya,Putrajaya,
2020-03-19,WP Putrajaya,Putrajaya,
2020-03-20,WP Putrajaya,Putrajaya,
2020-03-21,WP Putrajaya,Putrajaya,9.0
2020-03-22,WP Putrajaya,Putrajaya,
2020-03-23,WP Putrajaya,Putrajaya,
2020-03-24,WP Putrajaya,Putrajaya,15.0
2020-03-25,WP Putrajaya,Putrajaya,16.0
2020-03-26,WP Putrajaya,Putrajaya,18.0
2020-03-27,WP Putrajaya,Putrajaya,
2020-03-28,WP Putrajaya,Putrajaya,20.0
2020-03-29,WP Putrajaya,Putrajaya,
2020-03-30,WP Putrajaya,Putrajaya,24.0
2020-03-31,WP Putrajaya,Putrajaya,
2020-04-01,WP Putrajaya,Putrajaya,
2020-04-02,WP Putrajaya,Putrajaya,
2020-04-03,WP Putrajaya,Putrajaya,
2020-03-10,Negeri Sembilan,Seremban,
2020-03-11,Negeri Sembilan,Seremban,
2020-03-12,Negeri Sembilan,Seremban,
2020-03-13,Negeri Sembilan,Seremban,
2020-03-14,Negeri Sembilan,Seremban,
2020-03-15,Negeri Sembilan,Seremban,
2020-03-16,Negeri Sembilan,Seremban,
2020-03-17,Negeri Sembilan,Seremban,
2020-03-18,Negeri Sembilan,Seremban,
2020-03-19,Negeri Sembilan,Seremban,
2020-03-20,Negeri Sembilan,Seremban,
2020-03-21,Negeri Sembilan,Seremban,42.0
2020-03-22,Negeri Sembilan,Seremban,
2020-03-23,Negeri Sembilan,Seremban,
2020-03-24,Negeri Sembilan,Seremban,74.0
2020-03-25,Negeri Sembilan,Seremban,78.0
2020-03-26,Negeri Sembilan,Seremban,85.0
2020-03-27,Negeri Sembilan,Seremban,
2020-03-28,Negeri Sembilan,Seremban,101.0
2020-03-29,Negeri Sembilan,Seremban,
2020-03-30,Negeri Sembilan,Seremban,118.0
2020-03-31,Negeri Sembilan,Seremban,
2020-04-01,Negeri Sembilan,Seremban,
2020-04-02,Negeri Sembilan,Seremban,
2020-04-03,Negeri Sembilan,Seremban,
2020-03-10,Negeri Sembilan,Rembau,
2020-03-11,Negeri Sembilan,Rembau,
2020-03-12,Negeri Sembilan,Rembau,
2020-03-13,Negeri Sembilan,Rembau,
2020-03-14,Negeri Sembilan,Rembau,
2020-03-15,Negeri Sembilan,Rembau,
2020-03-16,Negeri Sembilan,Rembau,
2020-03-17,Negeri Sembilan,Rembau,
2020-03-18,Negeri Sembilan,Rembau,
2020-03-19,Negeri Sembilan,Rembau,
2020-03-20,Negeri Sembilan,Rembau,
2020-03-21,Negeri Sembilan,Rembau,10.0
2020-03-22,Negeri Sembilan,Rembau,
2020-03-23,Negeri Sembilan,Rembau,
2020-03-24,Negeri Sembilan,Rembau,12.0
2020-03-25,Negeri Sembilan,Rembau,20.0
2020-03-26,Negeri Sembilan,Rembau,20.0
2020-03-27,Negeri Sembilan,Rembau,
2020-03-28,Negeri Sembilan,Rembau,26.0
2020-03-29,Negeri Sembilan,Rembau,
2020-03-30,Negeri Sembilan,Rembau,26.0
2020-03-31,Negeri Sembilan,Rembau,
2020-04-01,Negeri Sembilan,Rembau,
2020-04-02,Negeri Sembilan,Rembau,
2020-04-03,Negeri Sembilan,Rembau,
2020-03-10,Negeri Sembilan,Tampin,
2020-03-11,Negeri Sembilan,Tampin,
2020-03-12,Negeri Sembilan,Tampin,
2020-03-13,Negeri Sembilan,Tampin,
2020-03-14,Negeri Sembilan,Tampin,
2020-03-15,Negeri Sembilan,Tampin,
2020-03-16,Negeri Sembilan,Tampin,
2020-03-17,Negeri Sembilan,Tampin,
2020-03-18,Negeri Sembilan,Tampin,
2020-03-19,Negeri Sembilan,Tampin,
2020-03-20,Negeri Sembilan,Tampin,
2020-03-21,Negeri Sembilan,Tampin,10.0
2020-03-22,Negeri Sembilan,Tampin,
2020-03-23,Negeri Sembilan,Tampin,
2020-03-24,Negeri Sembilan,Tampin,11.0
2020-03-25,Negeri Sembilan,Tampin,13.0
2020-03-26,Negeri Sembilan,Tampin,13.0
2020-03-27,Negeri Sembilan,Tampin,
2020-03-28,Negeri Sembilan,Tampin,14.0
2020-03-29,Negeri Sembilan,Tampin,
2020-03-30,Negeri Sembilan,Tampin,14.0
2020-03-31,Negeri Sembilan,Tampin,
2020-04-01,Negeri Sembilan,Tampin,
2020-04-02,Negeri Sembilan,Tampin,
2020-04-03,Negeri Sembilan,Tampin,
2020-03-10,Negeri Sembilan,Port Dickson,
2020-03-11,Negeri Sembilan,Port Dickson,
2020-03-12,Negeri Sembilan,Port Dickson,
2020-03-13,Negeri Sembilan,Port Dickson,
2020-03-14,Negeri Sembilan,Port Dickson,
2020-03-15,Negeri Sembilan,Port Dickson,
2020-03-16,Negeri Sembilan,Port Dickson,
2020-03-17,Negeri Sembilan,Port Dickson,
2020-03-18,Negeri Sembilan,Port Dickson,
2020-03-19,Negeri Sembilan,Port Dickson,
2020-03-20,Negeri Sembilan,Port Dickson,
2020-03-21,Negeri Sembilan,Port Dickson,3.0
2020-03-22,Negeri Sembilan,Port Dickson,
2020-03-23,Negeri Sembilan,Port Dickson,
2020-03-24,Negeri Sembilan,Port Dickson,5.0
2020-03-25,Negeri Sembilan,Port Dickson,5.0
2020-03-26,Negeri Sembilan,Port Dickson,5.0
2020-03-27,Negeri Sembilan,Port Dickson,
2020-03-28,Negeri Sembilan,Port Dickson,5.0
2020-03-29,Negeri Sembilan,Port Dickson,
2020-03-30,Negeri Sembilan,Port Dickson,6.0
2020-03-31,Negeri Sembilan,Port Dickson,
2020-04-01,Negeri Sembilan,Port Dickson,
2020-04-02,Negeri Sembilan,Port Dickson,
2020-04-03,Negeri Sembilan,Port Dickson,
2020-03-10,Negeri Sembilan,AKEPT,
2020-03-11,Negeri Sembilan,AKEPT,
2020-03-12,Negeri Sembilan,AKEPT,
2020-03-13,Negeri Sembilan,AKEPT,
2020-03-14,Negeri Sembilan,AKEPT,
2020-03-15,Negeri Sembilan,AKEPT,
2020-03-16,Negeri Sembilan,AKEPT,
2020-03-17,Negeri Sembilan,AKEPT,
2020-03-18,Negeri Sembilan,AKEPT,
2020-03-19,Negeri Sembilan,AKEPT,
2020-03-20,Negeri Sembilan,AKEPT,
2020-03-21,Negeri Sembilan,AKEPT,2.0
2020-03-22,Negeri Sembilan,AKEPT,
2020-03-23,Negeri Sembilan,AKEPT,
2020-03-24,Negeri Sembilan,AKEPT,2.0
2020-03-25,Negeri Sembilan,AKEPT,2.0
2020-03-26,Negeri Sembilan,AKEPT,2.0
2020-03-27,Negeri Sembilan,AKEPT,
2020-03-28,Negeri Sembilan,AKEPT,
2020-03-29,Negeri Sembilan,AKEPT,
2020-03-30,Negeri Sembilan,AKEPT,
2020-03-31,Negeri Sembilan,AKEPT,
2020-04-01,Negeri Sembilan,AKEPT,
2020-04-02,Negeri Sembilan,AKEPT,
2020-04-03,Negeri Sembilan,AKEPT,
2020-03-10,Negeri Sembilan,Jelebu,
2020-03-11,Negeri Sembilan,Jelebu,
2020-03-12,Negeri Sembilan,Jelebu,
2020-03-13,Negeri Sembilan,Jelebu,
2020-03-14,Negeri Sembilan,Jelebu,
2020-03-15,Negeri Sembilan,Jelebu,
2020-03-16,Negeri Sembilan,Jelebu,
2020-03-17,Negeri Sembilan,Jelebu,
2020-03-18,Negeri Sembilan,Jelebu,
2020-03-19,Negeri Sembilan,Jelebu,
2020-03-20,Negeri Sembilan,Jelebu,
2020-03-21,Negeri Sembilan,Jelebu,1.0
2020-03-22,Negeri Sembilan,Jelebu,
2020-03-23,Negeri Sembilan,Jelebu,
2020-03-24,Negeri Sembilan,Jelebu,1.0
2020-03-25,Negeri Sembilan,Jelebu,1.0
2020-03-26,Negeri Sembilan,Jelebu,1.0
2020-03-27,Negeri Sembilan,Jelebu,
2020-03-28,Negeri Sembilan,Jelebu,1.0
2020-03-29,Negeri Sembilan,Jelebu,
2020-03-30,Negeri Sembilan,Jelebu,1.0
2020-03-31,Negeri Sembilan,Jelebu,
2020-04-01,Negeri Sembilan,Jelebu,
2020-04-02,Negeri Sembilan,Jelebu,
2020-04-03,Negeri Sembilan,Jelebu,
2020-03-10,Negeri Sembilan,Jempol,
2020-03-11,Negeri Sembilan,Jempol,
2020-03-12,Negeri Sembilan,Jempol,
2020-03-13,Negeri Sembilan,Jempol,
2020-03-14,Negeri Sembilan,Jempol,
2020-03-15,Negeri Sembilan,Jempol,
2020-03-16,Negeri Sembilan,Jempol,
2020-03-17,Negeri Sembilan,Jempol,
2020-03-18,Negeri Sembilan,Jempol,
2020-03-19,Negeri Sembilan,Jempol,
2020-03-20,Negeri Sembilan,Jempol,
2020-03-21,Negeri Sembilan,Jempol,1.0
2020-03-22,Negeri Sembilan,Jempol,
2020-03-23,Negeri Sembilan,Jempol,
2020-03-24,Negeri Sembilan,Jempol,1.0
2020-03-25,Negeri Sembilan,Jempol,1.0
2020-03-26,Negeri Sembilan,Jempol,3.0
2020-03-27,Negeri Sembilan,Jempol,
2020-03-28,Negeri Sembilan,Jempol,3.0
2020-03-29,Negeri Sembilan,Jempol,
2020-03-30,Negeri Sembilan,Jempol,4.0
2020-03-31,Negeri Sembilan,Jempol,
2020-04-01,Negeri Sembilan,Jempol,
2020-04-02,Negeri Sembilan,Jempol,
2020-04-03,Negeri Sembilan,Jempol,
2020-03-10,Negeri Sembilan,Kuala Pilah,
2020-03-11,Negeri Sembilan,Kuala Pilah,
2020-03-12,Negeri Sembilan,Kuala Pilah,
2020-03-13,Negeri Sembilan,Kuala Pilah,
2020-03-14,Negeri Sembilan,Kuala Pilah,
2020-03-15,Negeri Sembilan,Kuala Pilah,
2020-03-16,Negeri Sembilan,Kuala Pilah,
2020-03-17,Negeri Sembilan,Kuala Pilah,
2020-03-18,Negeri Sembilan,Kuala Pilah,
2020-03-19,Negeri Sembilan,Kuala Pilah,
2020-03-20,Negeri Sembilan,Kuala Pilah,
2020-03-21,Negeri Sembilan,Kuala Pilah,1.0
2020-03-22,Negeri Sembilan,Kuala Pilah,
2020-03-23,Negeri Sembilan,Kuala Pilah,
2020-03-24,Negeri Sembilan,Kuala Pilah,1.0
2020-03-25,Negeri Sembilan,Kuala Pilah,3.0
2020-03-26,Negeri Sembilan,Kuala Pilah,3.0
2020-03-27,Negeri Sembilan,Kuala Pilah,
2020-03-28,Negeri Sembilan,Kuala Pilah,3.0
2020-03-29,Negeri Sembilan,Kuala Pilah,
2020-03-30,Negeri Sembilan,Kuala Pilah,3.0
2020-03-31,Negeri Sembilan,Kuala Pilah,
2020-04-01,Negeri Sembilan,Kuala Pilah,
2020-04-02,Negeri Sembilan,Kuala Pilah,
2020-04-03,Negeri Sembilan,Kuala Pilah,
2020-03-10,Melaka,Jasin,
2020-03-11,Melaka,Jasin,
2020-03-12,Melaka,Jasin,
2020-03-13,Melaka,Jasin,
2020-03-14,Melaka,Jasin,
2020-03-15,Melaka,Jasin,
2020-03-16,Melaka,Jasin,
2020-03-17,Melaka,Jasin,
2020-03-18,Melaka,Jasin,
2020-03-19,Melaka,Jasin,
2020-03-20,Melaka,Jasin,
2020-03-21,Melaka,Jasin,11.0
2020-03-22,Melaka,Jasin,
2020-03-23,Melaka,Jasin,
2020-03-24,Melaka,Jasin,15.0
2020-03-25,Melaka,Jasin,16.0
2020-03-26,Melaka,Jasin,16.0
2020-03-27,Melaka,Jasin,
2020-03-28,Melaka,Jasin,17.0
2020-03-29,Melaka,Jasin,
2020-03-30,Melaka,Jasin,18.0
2020-03-31,Melaka,Jasin,
2020-04-01,Melaka,Jasin,
2020-04-02,Melaka,Jasin,
2020-04-03,Melaka,Jasin,
2020-03-10,Melaka,Alor Gajah,
2020-03-11,Melaka,Alor Gajah,
2020-03-12,Melaka,Alor Gajah,
2020-03-13,Melaka,Alor Gajah,
2020-03-14,Melaka,Alor Gajah,
2020-03-15,Melaka,Alor Gajah,
2020-03-16,Melaka,Alor Gajah,
2020-03-17,Melaka,Alor Gajah,
2020-03-18,Melaka,Alor Gajah,
2020-03-19,Melaka,Alor Gajah,
2020-03-20,Melaka,Alor Gajah,
2020-03-21,Melaka,Alor Gajah,6.0
2020-03-22,Melaka,Alor Gajah,
2020-03-23,Melaka,Alor Gajah,
2020-03-24,Melaka,Alor Gajah,6.0
2020-03-25,Melaka,Alor Gajah,8.0
2020-03-26,Melaka,Alor Gajah,8.0
2020-03-27,Melaka,Alor Gajah,
2020-03-28,Melaka,Alor Gajah,9.0
2020-03-29,Melaka,Alor Gajah,
2020-03-30,Melaka,Alor Gajah,14.0
2020-03-31,Melaka,Alor Gajah,
2020-04-01,Melaka,Alor Gajah,
2020-04-02,Melaka,Alor Gajah,
2020-04-03,Melaka,Alor Gajah,
2020-03-10,Melaka,Melaka Tengah,
2020-03-11,Melaka,Melaka Tengah,
2020-03-12,Melaka,Melaka Tengah,
2020-03-13,Melaka,Melaka Tengah,
2020-03-14,Melaka,Melaka Tengah,
2020-03-15,Melaka,Melaka Tengah,
2020-03-16,Melaka,Melaka Tengah,
2020-03-17,Melaka,Melaka Tengah,
2020-03-18,Melaka,Melaka Tengah,
2020-03-19,Melaka,Melaka Tengah,
2020-03-20,Melaka,Melaka Tengah,
2020-03-21,Melaka,Melaka Tengah,5.0
2020-03-22,Melaka,Melaka Tengah,
2020-03-23,Melaka,Melaka Tengah,
2020-03-24,Melaka,Melaka Tengah,7.0
2020-03-25,Melaka,Melaka Tengah,7.0
2020-03-26,Melaka,Melaka Tengah,7.0
2020-03-27,Melaka,Melaka Tengah,
2020-03-28,Melaka,Melaka Tengah,16.0
2020-03-29,Melaka,Melaka Tengah,
2020-03-30,Melaka,Melaka Tengah,18.0
2020-03-31,Melaka,Melaka Tengah,
2020-04-01,Melaka,Melaka Tengah,
2020-04-02,Melaka,Melaka Tengah,
2020-04-03,Melaka,Melaka Tengah,
2020-03-10,Johor,Johor Bahru,
2020-03-11,Johor,Johor Bahru,
2020-03-12,Johor,Johor Bahru,
2020-03-13,Johor,Johor Bahru,
2020-03-14,Johor,Johor Bahru,
2020-03-15,Johor,Johor Bahru,
2020-03-16,Johor,Johor Bahru,
2020-03-17,Johor,Johor Bahru,
2020-03-18,Johor,Johor Bahru,
2020-03-19,Johor,Johor Bahru,
2020-03-20,Johor,Johor Bahru,
2020-03-21,Johor,Johor Bahru,52.0
2020-03-22,Johor,Johor Bahru,
2020-03-23,Johor,Johor Bahru,
2020-03-24,Johor,Johor Bahru,59.0
2020-03-25,Johor,Johor Bahru,68.0
2020-03-26,Johor,Johor Bahru,73.0
2020-03-27,Johor,Johor Bahru,
2020-03-28,Johor,Johor Bahru,87.0
2020-03-29,Johor,Johor Bahru,
2020-03-30,Johor,Johor Bahru,108.0
2020-03-31,Johor,Johor Bahru,
2020-04-01,Johor,Johor Bahru,
2020-04-02,Johor,Johor Bahru,
2020-04-03,Johor,Johor Bahru,
2020-03-10,Johor,Kluang,
2020-03-11,Johor,Kluang,
2020-03-12,Johor,Kluang,
2020-03-13,Johor,Kluang,
2020-03-14,Johor,Kluang,
2020-03-15,Johor,Kluang,
2020-03-16,Johor,Kluang,
2020-03-17,Johor,Kluang,
2020-03-18,Johor,Kluang,
2020-03-19,Johor,Kluang,
2020-03-20,Johor,Kluang,
2020-03-21,Johor,Kluang,26.0
2020-03-22,Johor,Kluang,
2020-03-23,Johor,Kluang,
2020-03-24,Johor,Kluang,31.0
2020-03-25,Johor,Kluang,54.0
2020-03-26,Johor,Kluang,83.0
2020-03-27,Johor,Kluang,
2020-03-28,Johor,Kluang,97.0
2020-03-29,Johor,Kluang,
2020-03-30,Johor,Kluang,106.0
2020-03-31,Johor,Kluang,
2020-04-01,Johor,Kluang,
2020-04-02,Johor,Kluang,
2020-04-03,Johor,Kluang,
2020-03-10,Johor,Batu Pahat,
2020-03-11,Johor,Batu Pahat,
2020-03-12,Johor,Batu Pahat,
2020-03-13,Johor,Batu Pahat,
2020-03-14,Johor,Batu Pahat,
2020-03-15,Johor,Batu Pahat,
2020-03-16,Johor,Batu Pahat,
2020-03-17,Johor,Batu Pahat,
2020-03-18,Johor,Batu Pahat,
2020-03-19,Johor,Batu Pahat,
2020-03-20,Johor,Batu Pahat,
2020-03-21,Johor,Batu Pahat,23.0
2020-03-22,Johor,Batu Pahat,
2020-03-23,Johor,Batu Pahat,
2020-03-24,Johor,Batu Pahat,28.0
2020-03-25,Johor,Batu Pahat,29.0
2020-03-26,Johor,Batu Pahat,30.0
2020-03-27,Johor,Batu Pahat,
2020-03-28,Johor,Batu Pahat,34.0
2020-03-29,Johor,Batu Pahat,
2020-03-30,Johor,Batu Pahat,37.0
2020-03-31,Johor,Batu Pahat,
2020-04-01,Johor,Batu Pahat,
2020-04-02,Johor,Batu Pahat,
2020-04-03,Johor,Batu Pahat,
2020-03-10,Johor,Muar,
2020-03-11,Johor,Muar,
2020-03-12,Johor,Muar,
2020-03-13,Johor,Muar,
2020-03-14,Johor,Muar,
2020-03-15,Johor,Muar,
2020-03-16,Johor,Muar,
2020-03-17,Johor,Muar,
2020-03-18,Johor,Muar,
2020-03-19,Johor,Muar,
2020-03-20,Johor,Muar,
2020-03-21,Johor,Muar,13.0
2020-03-22,Johor,Muar,
2020-03-23,Johor,Muar,
2020-03-24,Johor,Muar,15.0
2020-03-25,Johor,Muar,15.0
2020-03-26,Johor,Muar,15.0
2020-03-27,Johor,Muar,
2020-03-28,Johor,Muar,18.0
2020-03-29,Johor,Muar,
2020-03-30,Johor,Muar,21.0
2020-03-31,Johor,Muar,
2020-04-01,Johor,Muar,
2020-04-02,Johor,Muar,
2020-04-03,Johor,Muar,
2020-03-10,Johor,Kulai,
2020-03-11,Johor,Kulai,
2020-03-12,Johor,Kulai,
2020-03-13,Johor,Kulai,
2020-03-14,Johor,Kulai,
2020-03-15,Johor,Kulai,
2020-03-16,Johor,Kulai,
2020-03-17,Johor,Kulai,
2020-03-18,Johor,Kulai,
2020-03-19,Johor,Kulai,
2020-03-20,Johor,Kulai,
2020-03-21,Johor,Kulai,5.0
2020-03-22,Johor,Kulai,
2020-03-23,Johor,Kulai,
2020-03-24,Johor,Kulai,10.0
2020-03-25,Johor,Kulai,10.0
2020-03-26,Johor,Kulai,14.0
2020-03-27,Johor,Kulai,
2020-03-28,Johor,Kulai,19.0
2020-03-29,Johor,Kulai,
2020-03-30,Johor,Kulai,21.0
2020-03-31,Johor,Kulai,
2020-04-01,Johor,Kulai,
2020-04-02,Johor,Kulai,
2020-04-03,Johor,Kulai,
2020-03-10,Johor,Pontian,
2020-03-11,Johor,Pontian,
2020-03-12,Johor,Pontian,
2020-03-13,Johor,Pontian,
2020-03-14,Johor,Pontian,
2020-03-15,Johor,Pontian,
2020-03-16,Johor,Pontian,
2020-03-17,Johor,Pontian,
2020-03-18,Johor,Pontian,
2020-03-19,Johor,Pontian,
2020-03-20,Johor,Pontian,
2020-03-21,Johor,Pontian,3.0
2020-03-22,Johor,Pontian,
2020-03-23,Johor,Pontian,
2020-03-24,Johor,Pontian,7.0
2020-03-25,Johor,Pontian,7.0
2020-03-26,Johor,Pontian,8.0
2020-03-27,Johor,Pontian,
2020-03-28,Johor,Pontian,11.0
2020-03-29,Johor,Pontian,
2020-03-30,Johor,Pontian,12.0
2020-03-31,Johor,Pontian,
2020-04-01,Johor,Pontian,
2020-04-02,Johor,Pontian,
2020-04-03,Johor,Pontian,
2020-03-10,Johor,Tangkak,
2020-03-11,Johor,Tangkak,
2020-03-12,Johor,Tangkak,
2020-03-13,Johor,Tangkak,
2020-03-14,Johor,Tangkak,
2020-03-15,Johor,Tangkak,
2020-03-16,Johor,Tangkak,
2020-03-17,Johor,Tangkak,
2020-03-18,Johor,Tangkak,
2020-03-19,Johor,Tangkak,
2020-03-20,Johor,Tangkak,
2020-03-21,Johor,Tangkak,3.0
2020-03-22,Johor,Tangkak,
2020-03-23,Johor,Tangkak,
2020-03-24,Johor,Tangkak,3.0
2020-03-25,Johor,Tangkak,3.0
2020-03-26,Johor,Tangkak,3.0
2020-03-27,Johor,Tangkak,
2020-03-28,Johor,Tangkak,4.0
2020-03-29,Johor,Tangkak,
2020-03-30,Johor,Tangkak,5.0
2020-03-31,Johor,Tangkak,
2020-04-01,Johor,Tangkak,
2020-04-02,Johor,Tangkak,
2020-04-03,Johor,Tangkak,
2020-03-10,Johor,Segamat,
2020-03-11,Johor,Segamat,
2020-03-12,Johor,Segamat,
2020-03-13,Johor,Segamat,
2020-03-14,Johor,Segamat,
2020-03-15,Johor,Segamat,
2020-03-16,Johor,Segamat,
2020-03-17,Johor,Segamat,
2020-03-18,Johor,Segamat,
2020-03-19,Johor,Segamat,
2020-03-20,Johor,Segamat,
2020-03-21,Johor,Segamat,1.0
2020-03-22,Johor,Segamat,
2020-03-23,Johor,Segamat,
2020-03-24,Johor,Segamat,3.0
2020-03-25,Johor,Segamat,3.0
2020-03-26,Johor,Segamat,3.0
2020-03-27,Johor,Segamat,
2020-03-28,Johor,Segamat,5.0
2020-03-29,Johor,Segamat,
2020-03-30,Johor,Segamat,8.0
2020-03-31,Johor,Segamat,
2020-04-01,Johor,Segamat,
2020-04-02,Johor,Segamat,
2020-04-03,Johor,Segamat,
2020-03-10,Johor,Mersing,
2020-03-11,Johor,Mersing,
2020-03-12,Johor,Mersing,
2020-03-13,Johor,Mersing,
2020-03-14,Johor,Mersing,
2020-03-15,Johor,Mersing,
2020-03-16,Johor,Mersing,
2020-03-17,Johor,Mersing,
2020-03-18,Johor,Mersing,
2020-03-19,Johor,Mersing,
2020-03-20,Johor,Mersing,
2020-03-21,Johor,Mersing,1.0
2020-03-22,Johor,Mersing,
2020-03-23,Johor,Mersing,
2020-03-24,Johor,Mersing,2.0
2020-03-25,Johor,Mersing,2.0
2020-03-26,Johor,Mersing,3.0
2020-03-27,Johor,Mersing,
2020-03-28,Johor,Mersing,3.0
2020-03-29,Johor,Mersing,
2020-03-30,Johor,Mersing,3.0
2020-03-31,Johor,Mersing,
2020-04-01,Johor,Mersing,
2020-04-02,Johor,Mersing,
2020-04-03,Johor,Mersing,
2020-03-10,Johor,Kota Tinggi,
2020-03-11,Johor,Kota Tinggi,
2020-03-12,Johor,Kota Tinggi,
2020-03-13,Johor,Kota Tinggi,
2020-03-14,Johor,Kota Tinggi,
2020-03-15,Johor,Kota Tinggi,
2020-03-16,Johor,Kota Tinggi,
2020-03-17,Johor,Kota Tinggi,
2020-03-18,Johor,Kota Tinggi,
2020-03-19,Johor,Kota Tinggi,
2020-03-20,Johor,Kota Tinggi,
2020-03-21,Johor,Kota Tinggi,
2020-03-22,Johor,Kota Tinggi,
2020-03-23,Johor,Kota Tinggi,
2020-03-24,Johor,Kota Tinggi,4.0
2020-03-25,Johor,Kota Tinggi,5.0
2020-03-26,Johor,Kota Tinggi,7.0
2020-03-27,Johor,Kota Tinggi,
2020-03-28,Johor,Kota Tinggi,7.0
2020-03-29,Johor,Kota Tinggi,
2020-03-30,Johor,Kota Tinggi,12.0
2020-03-31,Johor,Kota Tinggi,
2020-04-01,Johor,Kota Tinggi,
2020-04-02,Johor,Kota Tinggi,
2020-04-03,Johor,Kota Tinggi,
2020-03-10,Pahang,Pekan,
2020-03-11,Pahang,Pekan,
2020-03-12,Pahang,Pekan,
2020-03-13,Pahang,Pekan,
2020-03-14,Pahang,Pekan,
2020-03-15,Pahang,Pekan,
2020-03-16,Pahang,Pekan,
2020-03-17,Pahang,Pekan,
2020-03-18,Pahang,Pekan,
2020-03-19,Pahang,Pekan,
2020-03-20,Pahang,Pekan,
2020-03-21,Pahang,Pekan,13.0
2020-03-22,Pahang,Pekan,
2020-03-23,Pahang,Pekan,
2020-03-24,Pahang,Pekan,17.0
2020-03-25,Pahang,Pekan,18.0
2020-03-26,Pahang,Pekan,18.0
2020-03-27,Pahang,Pekan,
2020-03-28,Pahang,Pekan,18.0
2020-03-29,Pahang,Pekan,
2020-03-30,Pahang,Pekan,20.0
2020-03-31,Pahang,Pekan,
2020-04-01,Pahang,Pekan,
2020-04-02,Pahang,Pekan,
2020-04-03,Pahang,Pekan,
2020-03-10,Pahang,Kuantan,
2020-03-11,Pahang,Kuantan,
2020-03-12,Pahang,Kuantan,
2020-03-13,Pahang,Kuantan,
2020-03-14,Pahang,Kuantan,
2020-03-15,Pahang,Kuantan,
2020-03-16,Pahang,Kuantan,
2020-03-17,Pahang,Kuantan,
2020-03-18,Pahang,Kuantan,
2020-03-19,Pahang,Kuantan,
2020-03-20,Pahang,Kuantan,
2020-03-21,Pahang,Kuantan,11.0
2020-03-22,Pahang,Kuantan,
2020-03-23,Pahang,Kuantan,
2020-03-24,Pahang,Kuantan,12.0
2020-03-25,Pahang,Kuantan,13.0
2020-03-26,Pahang,Kuantan,13.0
2020-03-27,Pahang,Kuantan,
2020-03-28,Pahang,Kuantan,15.0
2020-03-29,Pahang,Kuantan,
2020-03-30,Pahang,Kuantan,21.0
2020-03-31,Pahang,Kuantan,
2020-04-01,Pahang,Kuantan,
2020-04-02,Pahang,Kuantan,
2020-04-03,Pahang,Kuantan,
2020-03-10,Pahang,Jerantut,
2020-03-11,Pahang,Jerantut,
2020-03-12,Pahang,Jerantut,
2020-03-13,Pahang,Jerantut,
2020-03-14,Pahang,Jerantut,
2020-03-15,Pahang,Jerantut,
2020-03-16,Pahang,Jerantut,
2020-03-17,Pahang,Jerantut,
2020-03-18,Pahang,Jerantut,
2020-03-19,Pahang,Jerantut,
2020-03-20,Pahang,Jerantut,
2020-03-21,Pahang,Jerantut,7.0
2020-03-22,Pahang,Jerantut,
2020-03-23,Pahang,Jerantut,
2020-03-24,Pahang,Jerantut,17.0
2020-03-25,Pahang,Jerantut,17.0
2020-03-26,Pahang,Jerantut,17.0
2020-03-27,Pahang,Jerantut,
2020-03-28,Pahang,Jerantut,26.0
2020-03-29,Pahang,Jerantut,
2020-03-30,Pahang,Jerantut,27.0
2020-03-31,Pahang,Jerantut,
2020-04-01,Pahang,Jerantut,
2020-04-02,Pahang,Jerantut,
2020-04-03,Pahang,Jerantut,
2020-03-10,Pahang,Bentong,
2020-03-11,Pahang,Bentong,
2020-03-12,Pahang,Bentong,
2020-03-13,Pahang,Bentong,
2020-03-14,Pahang,Bentong,
2020-03-15,Pahang,Bentong,
2020-03-16,Pahang,Bentong,
2020-03-17,Pahang,Bentong,
2020-03-18,Pahang,Bentong,
2020-03-19,Pahang,Bentong,
2020-03-20,Pahang,Bentong,
2020-03-21,Pahang,Bentong,4.0
2020-03-22,Pahang,Bentong,
2020-03-23,Pahang,Bentong,
2020-03-24,Pahang,Bentong,5.0
2020-03-25,Pahang,Bentong,5.0
2020-03-26,Pahang,Bentong,5.0
2020-03-27,Pahang,Bentong,
2020-03-28,Pahang,Bentong,5.0
2020-03-29,Pahang,Bentong,
2020-03-30,Pahang,Bentong,6.0
2020-03-31,Pahang,Bentong,
2020-04-01,Pahang,Bentong,
2020-04-02,Pahang,Bentong,
2020-04-03,Pahang,Bentong,
2020-03-10,Pahang,Temerloh,
2020-03-11,Pahang,Temerloh,
2020-03-12,Pahang,Temerloh,
2020-03-13,Pahang,Temerloh,
2020-03-14,Pahang,Temerloh,
2020-03-15,Pahang,Temerloh,
2020-03-16,Pahang,Temerloh,
2020-03-17,Pahang,Temerloh,
2020-03-18,Pahang,Temerloh,
2020-03-19,Pahang,Temerloh,
2020-03-20,Pahang,Temerloh,
2020-03-21,Pahang,Temerloh,2.0
2020-03-22,Pahang,Temerloh,
2020-03-23,Pahang,Temerloh,
2020-03-24,Pahang,Temerloh,2.0
2020-03-25,Pahang,Temerloh,3.0
2020-03-26,Pahang,Temerloh,3.0
2020-03-27,Pahang,Temerloh,
2020-03-28,Pahang,Temerloh,3.0
2020-03-29,Pahang,Temerloh,
2020-03-30,Pahang,Temerloh,4.0
2020-03-31,Pahang,Temerloh,
2020-04-01,Pahang,Temerloh,
2020-04-02,Pahang,Temerloh,
2020-04-03,Pahang,Temerloh,
2020-03-10,Pahang,Bera,
2020-03-11,Pahang,Bera,
2020-03-12,Pahang,Bera,
2020-03-13,Pahang,Bera,
2020-03-14,Pahang,Bera,
2020-03-15,Pahang,Bera,
2020-03-16,Pahang,Bera,
2020-03-17,Pahang,Bera,
2020-03-18,Pahang,Bera,
2020-03-19,Pahang,Bera,
2020-03-20,Pahang,Bera,
2020-03-21,Pahang,Bera,
2020-03-22,Pahang,Bera,
2020-03-23,Pahang,Bera,
2020-03-24,Pahang,Bera,1.0
2020-03-25,Pahang,Bera,4.0
2020-03-26,Pahang,Bera,4.0
2020-03-27,Pahang,Bera,
2020-03-28,Pahang,Bera,10.0
2020-03-29,Pahang,Bera,
2020-03-30,Pahang,Bera,9.0
2020-03-31,Pahang,Bera,
2020-04-01,Pahang,Bera,
2020-04-02,Pahang,Bera,
2020-04-03,Pahang,Bera,
2020-03-10,Pahang,Lipis,
2020-03-11,Pahang,Lipis,
2020-03-12,Pahang,Lipis,
2020-03-13,Pahang,Lipis,
2020-03-14,Pahang,Lipis,
2020-03-15,Pahang,Lipis,
2020-03-16,Pahang,Lipis,
2020-03-17,Pahang,Lipis,
2020-03-18,Pahang,Lipis,
2020-03-19,Pahang,Lipis,
2020-03-20,Pahang,Lipis,
2020-03-21,Pahang,Lipis,
2020-03-22,Pahang,Lipis,
2020-03-23,Pahang,Lipis,
2020-03-24,Pahang,Lipis,1.0
2020-03-25,Pahang,Lipis,1.0
2020-03-26,Pahang,Lipis,2.0
2020-03-27,Pahang,Lipis,
2020-03-28,Pahang,Lipis,2.0
2020-03-29,Pahang,Lipis,
2020-03-30,Pahang,Lipis,3.0
2020-03-31,Pahang,Lipis,
2020-04-01,Pahang,Lipis,
2020-04-02,Pahang,Lipis,
2020-04-03,Pahang,Lipis,
2020-03-10,Pahang,Maran,
2020-03-11,Pahang,Maran,
2020-03-12,Pahang,Maran,
2020-03-13,Pahang,Maran,
2020-03-14,Pahang,Maran,
2020-03-15,Pahang,Maran,
2020-03-16,Pahang,Maran,
2020-03-17,Pahang,Maran,
2020-03-18,Pahang,Maran,
2020-03-19,Pahang,Maran,
2020-03-20,Pahang,Maran,
2020-03-21,Pahang,Maran,
2020-03-22,Pahang,Maran,
2020-03-23,Pahang,Maran,
2020-03-24,Pahang,Maran,1.0
2020-03-25,Pahang,Maran,2.0
2020-03-26,Pahang,Maran,2.0
2020-03-27,Pahang,Maran,
2020-03-28,Pahang,Maran,3.0
2020-03-29,Pahang,Maran,
2020-03-30,Pahang,Maran,5.0
2020-03-31,Pahang,Maran,
2020-04-01,Pahang,Maran,
2020-04-02,Pahang,Maran,
2020-04-03,Pahang,Maran,
2020-03-10,Pahang,Raub,
2020-03-11,Pahang,Raub,
2020-03-12,Pahang,Raub,
2020-03-13,Pahang,Raub,
2020-03-14,Pahang,Raub,
2020-03-15,Pahang,Raub,
2020-03-16,Pahang,Raub,
2020-03-17,Pahang,Raub,
2020-03-18,Pahang,Raub,
2020-03-19,Pahang,Raub,
2020-03-20,Pahang,Raub,
2020-03-21,Pahang,Raub,
2020-03-22,Pahang,Raub,
2020-03-23,Pahang,Raub,
2020-03-24,Pahang,Raub,
2020-03-25,Pahang,Raub,
2020-03-26,Pahang,Raub,
2020-03-27,Pahang,Raub,
2020-03-28,Pahang,Raub,1.0
2020-03-29,Pahang,Raub,
2020-03-30,Pahang,Raub,1.0
2020-03-31,Pahang,Raub,
2020-04-01,Pahang,Raub,
2020-04-02,Pahang,Raub,
2020-04-03,Pahang,Raub,
2020-03-10,Pahang,Cameron,
2020-03-11,Pahang,Cameron,
2020-03-12,Pahang,Cameron,
2020-03-13,Pahang,Cameron,
2020-03-14,Pahang,Cameron,
2020-03-15,Pahang,Cameron,
2020-03-16,Pahang,Cameron,
2020-03-17,Pahang,Cameron,
2020-03-18,Pahang,Cameron,
2020-03-19,Pahang,Cameron,
2020-03-20,Pahang,Cameron,
2020-03-21,Pahang,Cameron,
2020-03-22,Pahang,Cameron,
2020-03-23,Pahang,Cameron,
2020-03-24,Pahang,Cameron,
2020-03-25,Pahang,Cameron,
2020-03-26,Pahang,Cameron,
2020-03-27,Pahang,Cameron,
2020-03-28,Pahang,Cameron,1.0
2020-03-29,Pahang,Cameron,
2020-03-30,Pahang,Cameron,1.0
2020-03-31,Pahang,Cameron,
2020-04-01,Pahang,Cameron,
2020-04-02,Pahang,Cameron,
2020-04-03,Pahang,Cameron,
2020-03-10,Pahang,Rompin,
2020-03-11,Pahang,Rompin,
2020-03-12,Pahang,Rompin,
2020-03-13,Pahang,Rompin,
2020-03-14,Pahang,Rompin,
2020-03-15,Pahang,Rompin,
2020-03-16,Pahang,Rompin,
2020-03-17,Pahang,Rompin,
2020-03-18,Pahang,Rompin,
2020-03-19,Pahang,Rompin,
2020-03-20,Pahang,Rompin,
2020-03-21,Pahang,Rompin,
2020-03-22,Pahang,Rompin,
2020-03-23,Pahang,Rompin,
2020-03-24,Pahang,Rompin,
2020-03-25,Pahang,Rompin,
2020-03-26,Pahang,Rompin,
2020-03-27,Pahang,Rompin,
2020-03-28,Pahang,Rompin,
2020-03-29,Pahang,Rompin,
2020-03-30,Pahang,Rompin,2.0
2020-03-31,Pahang,Rompin,
2020-04-01,Pahang,Rompin,
2020-04-02,Pahang,Rompin,
2020-04-03,Pahang,Rompin,
2020-03-10,Terengganu,Kuala Terengganu,
2020-03-11,Terengganu,Kuala Terengganu,
2020-03-12,Terengganu,Kuala Terengganu,
2020-03-13,Terengganu,Kuala Terengganu,
2020-03-14,Terengganu,Kuala Terengganu,
2020-03-15,Terengganu,Kuala Terengganu,
2020-03-16,Terengganu,Kuala Terengganu,
2020-03-17,Terengganu,Kuala Terengganu,
2020-03-18,Terengganu,Kuala Terengganu,
2020-03-19,Terengganu,Kuala Terengganu,
2020-03-20,Terengganu,Kuala Terengganu,
2020-03-21,Terengganu,Kuala Terengganu,12.0
2020-03-22,Terengganu,Kuala Terengganu,
2020-03-23,Terengganu,Kuala Terengganu,
2020-03-24,Terengganu,Kuala Terengganu,16.0
2020-03-25,Terengganu,Kuala Terengganu,16.0
2020-03-26,Terengganu,Kuala Terengganu,16.0
2020-03-27,Terengganu,Kuala Terengganu,
2020-03-28,Terengganu,Kuala Terengganu,17.0
2020-03-29,Terengganu,Kuala Terengganu,
2020-03-30,Terengganu,Kuala Terengganu,17.0
2020-03-31,Terengganu,Kuala Terengganu,
2020-04-01,Terengganu,Kuala Terengganu,
2020-04-02,Terengganu,Kuala Terengganu,
2020-04-03,Terengganu,Kuala Terengganu,
2020-03-10,Terengganu,Besut,
2020-03-11,Terengganu,Besut,
2020-03-12,Terengganu,Besut,
2020-03-13,Terengganu,Besut,
2020-03-14,Terengganu,Besut,
2020-03-15,Terengganu,Besut,
2020-03-16,Terengganu,Besut,
2020-03-17,Terengganu,Besut,
2020-03-18,Terengganu,Besut,
2020-03-19,Terengganu,Besut,
2020-03-20,Terengganu,Besut,
2020-03-21,Terengganu,Besut,7.0
2020-03-22,Terengganu,Besut,
2020-03-23,Terengganu,Besut,
2020-03-24,Terengganu,Besut,12.0
2020-03-25,Terengganu,Besut,12.0
2020-03-26,Terengganu,Besut,13.0
2020-03-27,Terengganu,Besut,
2020-03-28,Terengganu,Besut,14.0
2020-03-29,Terengganu,Besut,
2020-03-30,Terengganu,Besut,16.0
2020-03-31,Terengganu,Besut,
2020-04-01,Terengganu,Besut,
2020-04-02,Terengganu,Besut,
2020-04-03,Terengganu,Besut,
2020-03-10,Terengganu,Dungun,
2020-03-11,Terengganu,Dungun,
2020-03-12,Terengganu,Dungun,
2020-03-13,Terengganu,Dungun,
2020-03-14,Terengganu,Dungun,
2020-03-15,Terengganu,Dungun,
2020-03-16,Terengganu,Dungun,
2020-03-17,Terengganu,Dungun,
2020-03-18,Terengganu,Dungun,
2020-03-19,Terengganu,Dungun,
2020-03-20,Terengganu,Dungun,
2020-03-21,Terengganu,Dungun,5.0
2020-03-22,Terengganu,Dungun,
2020-03-23,Terengganu,Dungun,
2020-03-24,Terengganu,Dungun,5.0
2020-03-25,Terengganu,Dungun,5.0
2020-03-26,Terengganu,Dungun,5.0
2020-03-27,Terengganu,Dungun,
2020-03-28,Terengganu,Dungun,8.0
2020-03-29,Terengganu,Dungun,
2020-03-30,Terengganu,Dungun,8.0
2020-03-31,Terengganu,Dungun,
2020-04-01,Terengganu,Dungun,
2020-04-02,Terengganu,Dungun,
2020-04-03,Terengganu,Dungun,
2020-03-10,Terengganu,Kemaman,
2020-03-11,Terengganu,Kemaman,
2020-03-12,Terengganu,Kemaman,
2020-03-13,Terengganu,Kemaman,
2020-03-14,Terengganu,Kemaman,
2020-03-15,Terengganu,Kemaman,
2020-03-16,Terengganu,Kemaman,
2020-03-17,Terengganu,Kemaman,
2020-03-18,Terengganu,Kemaman,
2020-03-19,Terengganu,Kemaman,
2020-03-20,Terengganu,Kemaman,
2020-03-21,Terengganu,Kemaman,1.0
2020-03-22,Terengganu,Kemaman,
2020-03-23,Terengganu,Kemaman,
2020-03-24,Terengganu,Kemaman,2.0
2020-03-25,Terengganu,Kemaman,2.0
2020-03-26,Terengganu,Kemaman,2.0
2020-03-27,Terengganu,Kemaman,
2020-03-28,Terengganu,Kemaman,3.0
2020-03-29,Terengganu,Kemaman,
2020-03-30,Terengganu,Kemaman,3.0
2020-03-31,Terengganu,Kemaman,
2020-04-01,Terengganu,Kemaman,
2020-04-02,Terengganu,Kemaman,
2020-04-03,Terengganu,Kemaman,
2020-03-10,Terengganu,Marang,
2020-03-11,Terengganu,Marang,
2020-03-12,Terengganu,Marang,
2020-03-13,Terengganu,Marang,
2020-03-14,Terengganu,Marang,
2020-03-15,Terengganu,Marang,
2020-03-16,Terengganu,Marang,
2020-03-17,Terengganu,Marang,
2020-03-18,Terengganu,Marang,
2020-03-19,Terengganu,Marang,
2020-03-20,Terengganu,Marang,
2020-03-21,Terengganu,Marang,1.0
2020-03-22,Terengganu,Marang,
2020-03-23,Terengganu,Marang,
2020-03-24,Terengganu,Marang,1.0
2020-03-25,Terengganu,Marang,
2020-03-26,Terengganu,Marang,1.0
2020-03-27,Terengganu,Marang,
2020-03-28,Terengganu,Marang,1.0
2020-03-29,Terengganu,Marang,
2020-03-30,Terengganu,Marang,1.0
2020-03-31,Terengganu,Marang,
2020-04-01,Terengganu,Marang,
2020-04-02,Terengganu,Marang,
2020-04-03,Terengganu,Marang,
2020-03-10,Terengganu,Setiu,
2020-03-11,Terengganu,Setiu,
2020-03-12,Terengganu,Setiu,
2020-03-13,Terengganu,Setiu,
2020-03-14,Terengganu,Setiu,
2020-03-15,Terengganu,Setiu,
2020-03-16,Terengganu,Setiu,
2020-03-17,Terengganu,Setiu,
2020-03-18,Terengganu,Setiu,
2020-03-19,Terengganu,Setiu,
2020-03-20,Terengganu,Setiu,
2020-03-21,Terengganu,Setiu,1.0
2020-03-22,Terengganu,Setiu,
2020-03-23,Terengganu,Setiu,
2020-03-24,Terengganu,Setiu,1.0
2020-03-25,Terengganu,Setiu,1.0
2020-03-26,Terengganu,Setiu,1.0
2020-03-27,Terengganu,Setiu,
2020-03-28,Terengganu,Setiu,1.0
2020-03-29,Terengganu,Setiu,
2020-03-30,Terengganu,Setiu,1.0
2020-03-31,Terengganu,Setiu,
2020-04-01,Terengganu,Setiu,
2020-04-02,Terengganu,Setiu,
2020-04-03,Terengganu,Setiu,
2020-03-10,Terengganu,Kuala Nerus,
2020-03-11,Terengganu,Kuala Nerus,
2020-03-12,Terengganu,Kuala Nerus,
2020-03-13,Terengganu,Kuala Nerus,
2020-03-14,Terengganu,Kuala Nerus,
2020-03-15,Terengganu,Kuala Nerus,
2020-03-16,Terengganu,Kuala Nerus,
2020-03-17,Terengganu,Kuala Nerus,
2020-03-18,Terengganu,Kuala Nerus,
2020-03-19,Terengganu,Kuala Nerus,
2020-03-20,Terengganu,Kuala Nerus,
2020-03-21,Terengganu,Kuala Nerus,
2020-03-22,Terengganu,Kuala Nerus,
2020-03-23,Terengganu,Kuala Nerus,
2020-03-24,Terengganu,Kuala Nerus,1.0
2020-03-25,Terengganu,Kuala Nerus,1.0
2020-03-26,Terengganu,Kuala Nerus,1.0
2020-03-27,Terengganu,Kuala Nerus,
2020-03-28,Terengganu,Kuala Nerus,1.0
2020-03-29,Terengganu,Kuala Nerus,
2020-03-30,Terengganu,Kuala Nerus,1.0
2020-03-31,Terengganu,Kuala Nerus,
2020-04-01,Terengganu,Kuala Nerus,
2020-04-02,Terengganu,Kuala Nerus,
2020-04-03,Terengganu,Kuala Nerus,
2020-03-10,Kelantan,Kota Bharu,
2020-03-11,Kelantan,Kota Bharu,
2020-03-12,Kelantan,Kota Bharu,
2020-03-13,Kelantan,Kota Bharu,
2020-03-14,Kelantan,Kota Bharu,
2020-03-15,Kelantan,Kota Bharu,
2020-03-16,Kelantan,Kota Bharu,
2020-03-17,Kelantan,Kota Bharu,
2020-03-18,Kelantan,Kota Bharu,
2020-03-19,Kelantan,Kota Bharu,
2020-03-20,Kelantan,Kota Bharu,
2020-03-21,Kelantan,Kota Bharu,29.0
2020-03-22,Kelantan,Kota Bharu,
2020-03-23,Kelantan,Kota Bharu,
2020-03-24,Kelantan,Kota Bharu,43.0
2020-03-25,Kelantan,Kota Bharu,48.0
2020-03-26,Kelantan,Kota Bharu,55.0
2020-03-27,Kelantan,Kota Bharu,
2020-03-28,Kelantan,Kota Bharu,68.0
2020-03-29,Kelantan,Kota Bharu,
2020-03-30,Kelantan,Kota Bharu,79.0
2020-03-31,Kelantan,Kota Bharu,
2020-04-01,Kelantan,Kota Bharu,
2020-04-02,Kelantan,Kota Bharu,
2020-04-03,Kelantan,Kota Bharu,
2020-03-10,Kelantan,Pasir Mas,
2020-03-11,Kelantan,Pasir Mas,
2020-03-12,Kelantan,Pasir Mas,
2020-03-13,Kelantan,Pasir Mas,
2020-03-14,Kelantan,Pasir Mas,
2020-03-15,Kelantan,Pasir Mas,
2020-03-16,Kelantan,Pasir Mas,
2020-03-17,Kelantan,Pasir Mas,
2020-03-18,Kelantan,Pasir Mas,
2020-03-19,Kelantan,Pasir Mas,
2020-03-20,Kelantan,Pasir Mas,
2020-03-21,Kelantan,Pasir Mas,9.0
2020-03-22,Kelantan,Pasir Mas,
2020-03-23,Kelantan,Pasir Mas,
2020-03-24,Kelantan,Pasir Mas,9.0
2020-03-25,Kelantan,Pasir Mas,9.0
2020-03-26,Kelantan,Pasir Mas,9.0
2020-03-27,Kelantan,Pasir Mas,
2020-03-28,Kelantan,Pasir Mas,9.0
2020-03-29,Kelantan,Pasir Mas,
2020-03-30,Kelantan,Pasir Mas,10.0
2020-03-31,Kelantan,Pasir Mas,
2020-04-01,Kelantan,Pasir Mas,
2020-04-02,Kelantan,Pasir Mas,
2020-04-03,Kelantan,Pasir Mas,
2020-03-10,Kelantan,Kuala Krai,
2020-03-11,Kelantan,Kuala Krai,
2020-03-12,Kelantan,Kuala Krai,
2020-03-13,Kelantan,Kuala Krai,
2020-03-14,Kelantan,Kuala Krai,
2020-03-15,Kelantan,Kuala Krai,
2020-03-16,Kelantan,Kuala Krai,
2020-03-17,Kelantan,Kuala Krai,
2020-03-18,Kelantan,Kuala Krai,
2020-03-19,Kelantan,Kuala Krai,
2020-03-20,Kelantan,Kuala Krai,
2020-03-21,Kelantan,Kuala Krai,8.0
2020-03-22,Kelantan,Kuala Krai,
2020-03-23,Kelantan,Kuala Krai,
2020-03-24,Kelantan,Kuala Krai,8.0
2020-03-25,Kelantan,Kuala Krai,8.0
2020-03-26,Kelantan,Kuala Krai,8.0
2020-03-27,Kelantan,Kuala Krai,
2020-03-28,Kelantan,Kuala Krai,9.0
2020-03-29,Kelantan,Kuala Krai,
2020-03-30,Kelantan,Kuala Krai,9.0
2020-03-31,Kelantan,Kuala Krai,
2020-04-01,Kelantan,Kuala Krai,
2020-04-02,Kelantan,Kuala Krai,
2020-04-03,Kelantan,Kuala Krai,
2020-03-10,Kelantan,Bachok,
2020-03-11,Kelantan,Bachok,
2020-03-12,Kelantan,Bachok,
2020-03-13,Kelantan,Bachok,
2020-03-14,Kelantan,Bachok,
2020-03-15,Kelantan,Bachok,
2020-03-16,Kelantan,Bachok,
2020-03-17,Kelantan,Bachok,
2020-03-18,Kelantan,Bachok,
2020-03-19,Kelantan,Bachok,
2020-03-20,Kelantan,Bachok,
2020-03-21,Kelantan,Bachok,7.0
2020-03-22,Kelantan,Bachok,
2020-03-23,Kelantan,Bachok,
2020-03-24,Kelantan,Bachok,8.0
2020-03-25,Kelantan,Bachok,8.0
2020-03-26,Kelantan,Bachok,9.0
2020-03-27,Kelantan,Bachok,
2020-03-28,Kelantan,Bachok,9.0
2020-03-29,Kelantan,Bachok,
2020-03-30,Kelantan,Bachok,10.0
2020-03-31,Kelantan,Bachok,
2020-04-01,Kelantan,Bachok,
2020-04-02,Kelantan,Bachok,
2020-04-03,Kelantan,Bachok,
2020-03-10,Kelantan,Pasir Puteh,
2020-03-11,Kelantan,Pasir Puteh,
2020-03-12,Kelantan,Pasir Puteh,
2020-03-13,Kelantan,Pasir Puteh,
2020-03-14,Kelantan,Pasir Puteh,
2020-03-15,Kelantan,Pasir Puteh,
2020-03-16,Kelantan,Pasir Puteh,
2020-03-17,Kelantan,Pasir Puteh,
2020-03-18,Kelantan,Pasir Puteh,
2020-03-19,Kelantan,Pasir Puteh,
2020-03-20,Kelantan,Pasir Puteh,
2020-03-21,Kelantan,Pasir Puteh,4.0
2020-03-22,Kelantan,Pasir Puteh,
2020-03-23,Kelantan,Pasir Puteh,
2020-03-24,Kelantan,Pasir Puteh,5.0
2020-03-25,Kelantan,Pasir Puteh,6.0
2020-03-26,Kelantan,Pasir Puteh,6.0
2020-03-27,Kelantan,Pasir Puteh,
2020-03-28,Kelantan,Pasir Puteh,6.0
2020-03-29,Kelantan,Pasir Puteh,
2020-03-30,Kelantan,Pasir Puteh,7.0
2020-03-31,Kelantan,Pasir Puteh,
2020-04-01,Kelantan,Pasir Puteh,
2020-04-02,Kelantan,Pasir Puteh,
2020-04-03,Kelantan,Pasir Puteh,
2020-03-10,Kelantan,Tumpat,
2020-03-11,Kelantan,Tumpat,
2020-03-12,Kelantan,Tumpat,
2020-03-13,Kelantan,Tumpat,
2020-03-14,Kelantan,Tumpat,
2020-03-15,Kelantan,Tumpat,
2020-03-16,Kelantan,Tumpat,
2020-03-17,Kelantan,Tumpat,
2020-03-18,Kelantan,Tumpat,
2020-03-19,Kelantan,Tumpat,
2020-03-20,Kelantan,Tumpat,
2020-03-21,Kelantan,Tumpat,3.0
2020-03-22,Kelantan,Tumpat,
2020-03-23,Kelantan,Tumpat,
2020-03-24,Kelantan,Tumpat,3.0
2020-03-25,Kelantan,Tumpat,3.0
2020-03-26,Kelantan,Tumpat,4.0
2020-03-27,Kelantan,Tumpat,
2020-03-28,Kelantan,Tumpat,4.0
2020-03-29,Kelantan,Tumpat,
2020-03-30,Kelantan,Tumpat,7.0
2020-03-31,Kelantan,Tumpat,
2020-04-01,Kelantan,Tumpat,
2020-04-02,Kelantan,Tumpat,
2020-04-03,Kelantan,Tumpat,
2020-03-10,Kelantan,Gua Musang,
2020-03-11,Kelantan,Gua Musang,
2020-03-12,Kelantan,Gua Musang,
2020-03-13,Kelantan,Gua Musang,
2020-03-14,Kelantan,Gua Musang,
2020-03-15,Kelantan,Gua Musang,
2020-03-16,Kelantan,Gua Musang,
2020-03-17,Kelantan,Gua Musang,
2020-03-18,Kelantan,Gua Musang,
2020-03-19,Kelantan,Gua Musang,
2020-03-20,Kelantan,Gua Musang,
2020-03-21,Kelantan,Gua Musang,1.0
2020-03-22,Kelantan,Gua Musang,
2020-03-23,Kelantan,Gua Musang,
2020-03-24,Kelantan,Gua Musang,1.0
2020-03-25,Kelantan,Gua Musang,1.0
2020-03-26,Kelantan,Gua Musang,2.0
2020-03-27,Kelantan,Gua Musang,
2020-03-28,Kelantan,Gua Musang,2.0
2020-03-29,Kelantan,Gua Musang,
2020-03-30,Kelantan,Gua Musang,2.0
2020-03-31,Kelantan,Gua Musang,
2020-04-01,Kelantan,Gua Musang,
2020-04-02,Kelantan,Gua Musang,
2020-04-03,Kelantan,Gua Musang,
2020-03-10,Kelantan,Tanah Merah,
2020-03-11,Kelantan,Tanah Merah,
2020-03-12,Kelantan,Tanah Merah,
2020-03-13,Kelantan,Tanah Merah,
2020-03-14,Kelantan,Tanah Merah,
2020-03-15,Kelantan,Tanah Merah,
2020-03-16,Kelantan,Tanah Merah,
2020-03-17,Kelantan,Tanah Merah,
2020-03-18,Kelantan,Tanah Merah,
2020-03-19,Kelantan,Tanah Merah,
2020-03-20,Kelantan,Tanah Merah,
2020-03-21,Kelantan,Tanah Merah,
2020-03-22,Kelantan,Tanah Merah,
2020-03-23,Kelantan,Tanah Merah,
2020-03-24,Kelantan,Tanah Merah,1.0
2020-03-25,Kelantan,Tanah Merah,1.0
2020-03-26,Kelantan,Tanah Merah,1.0
2020-03-27,Kelantan,Tanah Merah,
2020-03-28,Kelantan,Tanah Merah,1.0
2020-03-29,Kelantan,Tanah Merah,
2020-03-30,Kelantan,Tanah Merah,3.0
2020-03-31,Kelantan,Tanah Merah,
2020-04-01,Kelantan,Tanah Merah,
2020-04-02,Kelantan,Tanah Merah,
2020-04-03,Kelantan,Tanah Merah,
2020-03-10,Sarawak,Kuching,
2020-03-11,Sarawak,Kuching,
2020-03-12,Sarawak,Kuching,
2020-03-13,Sarawak,Kuching,
2020-03-14,Sarawak,Kuching,
2020-03-15,Sarawak,Kuching,
2020-03-16,Sarawak,Kuching,
2020-03-17,Sarawak,Kuching,
2020-03-18,Sarawak,Kuching,
2020-03-19,Sarawak,Kuching,
2020-03-20,Sarawak,Kuching,
2020-03-21,Sarawak,Kuching,30.0
2020-03-22,Sarawak,Kuching,
2020-03-23,Sarawak,Kuching,
2020-03-24,Sarawak,Kuching,44.0
2020-03-25,Sarawak,Kuching,45.0
2020-03-26,Sarawak,Kuching,52.0
2020-03-27,Sarawak,Kuching,
2020-03-28,Sarawak,Kuching,72.0
2020-03-29,Sarawak,Kuching,
2020-03-30,Sarawak,Kuching,81.0
2020-03-31,Sarawak,Kuching,
2020-04-01,Sarawak,Kuching,
2020-04-02,Sarawak,Kuching,
2020-04-03,Sarawak,Kuching,
2020-03-10,Sarawak,Miri,
2020-03-11,Sarawak,Miri,
2020-03-12,Sarawak,Miri,
2020-03-13,Sarawak,Miri,
2020-03-14,Sarawak,Miri,
2020-03-15,Sarawak,Miri,
2020-03-16,Sarawak,Miri,
2020-03-17,Sarawak,Miri,
2020-03-18,Sarawak,Miri,
2020-03-19,Sarawak,Miri,
2020-03-20,Sarawak,Miri,
2020-03-21,Sarawak,Miri,8.0
2020-03-22,Sarawak,Miri,
2020-03-23,Sarawak,Miri,
2020-03-24,Sarawak,Miri,8.0
2020-03-25,Sarawak,Miri,8.0
2020-03-26,Sarawak,Miri,8.0
2020-03-27,Sarawak,Miri,
2020-03-28,Sarawak,Miri,8.0
2020-03-29,Sarawak,Miri,
2020-03-30,Sarawak,Miri,10.0
2020-03-31,Sarawak,Miri,
2020-04-01,Sarawak,Miri,
2020-04-02,Sarawak,Miri,
2020-04-03,Sarawak,Miri,
2020-03-10,Sarawak,Betong,
2020-03-11,Sarawak,Betong,
2020-03-12,Sarawak,Betong,
2020-03-13,Sarawak,Betong,
2020-03-14,Sarawak,Betong,
2020-03-15,Sarawak,Betong,
2020-03-16,Sarawak,Betong,
2020-03-17,Sarawak,Betong,
2020-03-18,Sarawak,Betong,
2020-03-19,Sarawak,Betong,
2020-03-20,Sarawak,Betong,
2020-03-21,Sarawak,Betong,7.0
2020-03-22,Sarawak,Betong,
2020-03-23,Sarawak,Betong,
2020-03-24,Sarawak,Betong,7.0
2020-03-25,Sarawak,Betong,7.0
2020-03-26,Sarawak,Betong,7.0
2020-03-27,Sarawak,Betong,
2020-03-28,Sarawak,Betong,8.0
2020-03-29,Sarawak,Betong,
2020-03-30,Sarawak,Betong,9.0
2020-03-31,Sarawak,Betong,
2020-04-01,Sarawak,Betong,
2020-04-02,Sarawak,Betong,
2020-04-03,Sarawak,Betong,
2020-03-10,Sarawak,Limbang,
2020-03-11,Sarawak,Limbang,
2020-03-12,Sarawak,Limbang,
2020-03-13,Sarawak,Limbang,
2020-03-14,Sarawak,Limbang,
2020-03-15,Sarawak,Limbang,
2020-03-16,Sarawak,Limbang,
2020-03-17,Sarawak,Limbang,
2020-03-18,Sarawak,Limbang,
2020-03-19,Sarawak,Limbang,
2020-03-20,Sarawak,Limbang,
2020-03-21,Sarawak,Limbang,5.0
2020-03-22,Sarawak,Limbang,
2020-03-23,Sarawak,Limbang,
2020-03-24,Sarawak,Limbang,6.0
2020-03-25,Sarawak,Limbang,6.0
2020-03-26,Sarawak,Limbang,6.0
2020-03-27,Sarawak,Limbang,
2020-03-28,Sarawak,Limbang,6.0
2020-03-29,Sarawak,Limbang,
2020-03-30,Sarawak,Limbang,6.0
2020-03-31,Sarawak,Limbang,
2020-04-01,Sarawak,Limbang,
2020-04-02,Sarawak,Limbang,
2020-04-03,Sarawak,Limbang,
2020-03-10,Sarawak,Sarikei,
2020-03-11,Sarawak,Sarikei,
2020-03-12,Sarawak,Sarikei,
2020-03-13,Sarawak,Sarikei,
2020-03-14,Sarawak,Sarikei,
2020-03-15,Sarawak,Sarikei,
2020-03-16,Sarawak,Sarikei,
2020-03-17,Sarawak,Sarikei,
2020-03-18,Sarawak,Sarikei,
2020-03-19,Sarawak,Sarikei,
2020-03-20,Sarawak,Sarikei,
2020-03-21,Sarawak,Sarikei,4.0
2020-03-22,Sarawak,Sarikei,
2020-03-23,Sarawak,Sarikei,
2020-03-24,Sarawak,Sarikei,4.0
2020-03-25,Sarawak,Sarikei,4.0
2020-03-26,Sarawak,Sarikei,5.0
2020-03-27,Sarawak,Sarikei,
2020-03-28,Sarawak,Sarikei,5.0
2020-03-29,Sarawak,Sarikei,
2020-03-30,Sarawak,Sarikei,5.0
2020-03-31,Sarawak,Sarikei,
2020-04-01,Sarawak,Sarikei,
2020-04-02,Sarawak,Sarikei,
2020-04-03,Sarawak,Sarikei,
2020-03-10,Sarawak,Bintulu,
2020-03-11,Sarawak,Bintulu,
2020-03-12,Sarawak,Bintulu,
2020-03-13,Sarawak,Bintulu,
2020-03-14,Sarawak,Bintulu,
2020-03-15,Sarawak,Bintulu,
2020-03-16,Sarawak,Bintulu,
2020-03-17,Sarawak,Bintulu,
2020-03-18,Sarawak,Bintulu,
2020-03-19,Sarawak,Bintulu,
2020-03-20,Sarawak,Bintulu,
2020-03-21,Sarawak,Bintulu,4.0
2020-03-22,Sarawak,Bintulu,
2020-03-23,Sarawak,Bintulu,
2020-03-24,Sarawak,Bintulu,4.0
2020-03-25,Sarawak,Bintulu,5.0
2020-03-26,Sarawak,Bintulu,6.0
2020-03-27,Sarawak,Bintulu,
2020-03-28,Sarawak,Bintulu,6.0
2020-03-29,Sarawak,Bintulu,
2020-03-30,Sarawak,Bintulu,6.0
2020-03-31,Sarawak,Bintulu,
2020-04-01,Sarawak,Bintulu,
2020-04-02,Sarawak,Bintulu,
2020-04-03,Sarawak,Bintulu,
2020-03-10,Sarawak,Mukah,
2020-03-11,Sarawak,Mukah,
2020-03-12,Sarawak,Mukah,
2020-03-13,Sarawak,Mukah,
2020-03-14,Sarawak,Mukah,
2020-03-15,Sarawak,Mukah,
2020-03-16,Sarawak,Mukah,
2020-03-17,Sarawak,Mukah,
2020-03-18,Sarawak,Mukah,
2020-03-19,Sarawak,Mukah,
2020-03-20,Sarawak,Mukah,
2020-03-21,Sarawak,Mukah,2.0
2020-03-22,Sarawak,Mukah,
2020-03-23,Sarawak,Mukah,
2020-03-24,Sarawak,Mukah,2.0
2020-03-25,Sarawak,Mukah,2.0
2020-03-26,Sarawak,Mukah,2.0
2020-03-27,Sarawak,Mukah,
2020-03-28,Sarawak,Mukah,2.0
2020-03-29,Sarawak,Mukah,
2020-03-30,Sarawak,Mukah,2.0
2020-03-31,Sarawak,Mukah,
2020-04-01,Sarawak,Mukah,
2020-04-02,Sarawak,Mukah,
2020-04-03,Sarawak,Mukah,
2020-03-10,Sarawak,Serian,
2020-03-11,Sarawak,Serian,
2020-03-12,Sarawak,Serian,
2020-03-13,Sarawak,Serian,
2020-03-14,Sarawak,Serian,
2020-03-15,Sarawak,Serian,
2020-03-16,Sarawak,Serian,
2020-03-17,Sarawak,Serian,
2020-03-18,Sarawak,Serian,
2020-03-19,Sarawak,Serian,
2020-03-20,Sarawak,Serian,
2020-03-21,Sarawak,Serian,2.0
2020-03-22,Sarawak,Serian,
2020-03-23,Sarawak,Serian,
2020-03-24,Sarawak,Serian,2.0
2020-03-25,Sarawak,Serian,2.0
2020-03-26,Sarawak,Serian,2.0
2020-03-27,Sarawak,Serian,
2020-03-28,Sarawak,Serian,3.0
2020-03-29,Sarawak,Serian,
2020-03-30,Sarawak,Serian,3.0
2020-03-31,Sarawak,Serian,
2020-04-01,Sarawak,Serian,
2020-04-02,Sarawak,Serian,
2020-04-03,Sarawak,Serian,
2020-03-10,Sarawak,Samarahan,
2020-03-11,Sarawak,Samarahan,
2020-03-12,Sarawak,Samarahan,
2020-03-13,Sarawak,Samarahan,
2020-03-14,Sarawak,Samarahan,
2020-03-15,Sarawak,Samarahan,
2020-03-16,Sarawak,Samarahan,
2020-03-17,Sarawak,Samarahan,
2020-03-18,Sarawak,Samarahan,
2020-03-19,Sarawak,Samarahan,
2020-03-20,Sarawak,Samarahan,
2020-03-21,Sarawak,Samarahan,2.0
2020-03-22,Sarawak,Samarahan,
2020-03-23,Sarawak,Samarahan,
2020-03-24,Sarawak,Samarahan,2.0
2020-03-25,Sarawak,Samarahan,2.0
2020-03-26,Sarawak,Samarahan,3.0
2020-03-27,Sarawak,Samarahan,
2020-03-28,Sarawak,Samarahan,4.0
2020-03-29,Sarawak,Samarahan,
2020-03-30,Sarawak,Samarahan,9.0
2020-03-31,Sarawak,Samarahan,
2020-04-01,Sarawak,Samarahan,
2020-04-02,Sarawak,Samarahan,
2020-04-03,Sarawak,Samarahan,
2020-03-10,Sarawak,Simunjan,
2020-03-11,Sarawak,Simunjan,
2020-03-12,Sarawak,Simunjan,
2020-03-13,Sarawak,Simunjan,
2020-03-14,Sarawak,Simunjan,
2020-03-15,Sarawak,Simunjan,
2020-03-16,Sarawak,Simunjan,
2020-03-17,Sarawak,Simunjan,
2020-03-18,Sarawak,Simunjan,
2020-03-19,Sarawak,Simunjan,
2020-03-20,Sarawak,Simunjan,
2020-03-21,Sarawak,Simunjan,1.0
2020-03-22,Sarawak,Simunjan,
2020-03-23,Sarawak,Simunjan,
2020-03-24,Sarawak,Simunjan,1.0
2020-03-25,Sarawak,Simunjan,1.0
2020-03-26,Sarawak,Simunjan,1.0
2020-03-27,Sarawak,Simunjan,
2020-03-28,Sarawak,Simunjan,1.0
2020-03-29,Sarawak,Simunjan,
2020-03-30,Sarawak,Simunjan,1.0
2020-03-31,Sarawak,Simunjan,
2020-04-01,Sarawak,Simunjan,
2020-04-02,Sarawak,Simunjan,
2020-04-03,Sarawak,Simunjan,
2020-03-10,Sarawak,Lawas,
2020-03-11,Sarawak,Lawas,
2020-03-12,Sarawak,Lawas,
2020-03-13,Sarawak,Lawas,
2020-03-14,Sarawak,Lawas,
2020-03-15,Sarawak,Lawas,
2020-03-16,Sarawak,Lawas,
2020-03-17,Sarawak,Lawas,
2020-03-18,Sarawak,Lawas,
2020-03-19,Sarawak,Lawas,
2020-03-20,Sarawak,Lawas,
2020-03-21,Sarawak,Lawas,1.0
2020-03-22,Sarawak,Lawas,
2020-03-23,Sarawak,Lawas,
2020-03-24,Sarawak,Lawas,1.0
2020-03-25,Sarawak,Lawas,1.0
2020-03-26,Sarawak,Lawas,1.0
2020-03-27,Sarawak,Lawas,
2020-03-28,Sarawak,Lawas,1.0
2020-03-29,Sarawak,Lawas,
2020-03-30,Sarawak,Lawas,1.0
2020-03-31,Sarawak,Lawas,
2020-04-01,Sarawak,Lawas,
2020-04-02,Sarawak,Lawas,
2020-04-03,Sarawak,Lawas,
2020-03-10,Sarawak,Sibu,
2020-03-11,Sarawak,Sibu,
2020-03-12,Sarawak,Sibu,
2020-03-13,Sarawak,Sibu,
2020-03-14,Sarawak,Sibu,
2020-03-15,Sarawak,Sibu,
2020-03-16,Sarawak,Sibu,
2020-03-17,Sarawak,Sibu,
2020-03-18,Sarawak,Sibu,
2020-03-19,Sarawak,Sibu,
2020-03-20,Sarawak,Sibu,
2020-03-21,Sarawak,Sibu,1.0
2020-03-22,Sarawak,Sibu,
2020-03-23,Sarawak,Sibu,
2020-03-24,Sarawak,Sibu,2.0
2020-03-25,Sarawak,Sibu,2.0
2020-03-26,Sarawak,Sibu,2.0
2020-03-27,Sarawak,Sibu,
2020-03-28,Sarawak,Sibu,2.0
2020-03-29,Sarawak,Sibu,
2020-03-30,Sarawak,Sibu,2.0
2020-03-31,Sarawak,Sibu,
2020-04-01,Sarawak,Sibu,
2020-04-02,Sarawak,Sibu,
2020-04-03,Sarawak,Sibu,
2020-03-10,Sabah,Tawau,
2020-03-11,Sabah,Tawau,
2020-03-12,Sabah,Tawau,
2020-03-13,Sabah,Tawau,
2020-03-14,Sabah,Tawau,
2020-03-15,Sabah,Tawau,
2020-03-16,Sabah,Tawau,
2020-03-17,Sabah,Tawau,
2020-03-18,Sabah,Tawau,
2020-03-19,Sabah,Tawau,
2020-03-20,Sabah,Tawau,
2020-03-21,Sabah,Tawau,37.0
2020-03-22,Sabah,Tawau,
2020-03-23,Sabah,Tawau,
2020-03-24,Sabah,Tawau,49.0
2020-03-25,Sabah,Tawau,49.0
2020-03-26,Sabah,Tawau,50.0
2020-03-27,Sabah,Tawau,
2020-03-28,Sabah,Tawau,57.0
2020-03-29,Sabah,Tawau,
2020-03-30,Sabah,Tawau,60.0
2020-03-31,Sabah,Tawau,
2020-04-01,Sabah,Tawau,
2020-04-02,Sabah,Tawau,
2020-04-03,Sabah,Tawau,
2020-03-10,Sabah,Lahad Datu,
2020-03-11,Sabah,Lahad Datu,
2020-03-12,Sabah,Lahad Datu,
2020-03-13,Sabah,Lahad Datu,
2020-03-14,Sabah,Lahad Datu,
2020-03-15,Sabah,Lahad Datu,
2020-03-16,Sabah,Lahad Datu,
2020-03-17,Sabah,Lahad Datu,
2020-03-18,Sabah,Lahad Datu,
2020-03-19,Sabah,Lahad Datu,
2020-03-20,Sabah,Lahad Datu,
2020-03-21,Sabah,Lahad Datu,32.0
2020-03-22,Sabah,Lahad Datu,
2020-03-23,Sabah,Lahad Datu,
2020-03-24,Sabah,Lahad Datu,34.0
2020-03-25,Sabah,Lahad Datu,34.0
2020-03-26,Sabah,Lahad Datu,34.0
2020-03-27,Sabah,Lahad Datu,
2020-03-28,Sabah,Lahad Datu,34.0
2020-03-29,Sabah,Lahad Datu,
2020-03-30,Sabah,Lahad Datu,34.0
2020-03-31,Sabah,Lahad Datu,
2020-04-01,Sabah,Lahad Datu,
2020-04-02,Sabah,Lahad Datu,
2020-04-03,Sabah,Lahad Datu,
2020-03-10,Sabah,Kota Kinabalu,
2020-03-11,Sabah,Kota Kinabalu,
2020-03-12,Sabah,Kota Kinabalu,
2020-03-13,Sabah,Kota Kinabalu,
2020-03-14,Sabah,Kota Kinabalu,
2020-03-15,Sabah,Kota Kinabalu,
2020-03-16,Sabah,Kota Kinabalu,
2020-03-17,Sabah,Kota Kinabalu,
2020-03-18,Sabah,Kota Kinabalu,
2020-03-19,Sabah,Kota Kinabalu,
2020-03-20,Sabah,Kota Kinabalu,
2020-03-21,Sabah,Kota Kinabalu,17.0
2020-03-22,Sabah,Kota Kinabalu,
2020-03-23,Sabah,Kota Kinabalu,
2020-03-24,Sabah,Kota Kinabalu,24.0
2020-03-25,Sabah,Kota Kinabalu,24.0
2020-03-26,Sabah,Kota Kinabalu,25.0
2020-03-27,Sabah,Kota Kinabalu,
2020-03-28,Sabah,Kota Kinabalu,30.0
2020-03-29,Sabah,Kota Kinabalu,
2020-03-30,Sabah,Kota Kinabalu,29.0
2020-03-31,Sabah,Kota Kinabalu,
2020-04-01,Sabah,Kota Kinabalu,
2020-04-02,Sabah,Kota Kinabalu,
2020-04-03,Sabah,Kota Kinabalu,
2020-03-10,Sabah,Kinabatangan,
2020-03-11,Sabah,Kinabatangan,
2020-03-12,Sabah,Kinabatangan,
2020-03-13,Sabah,Kinabatangan,
2020-03-14,Sabah,Kinabatangan,
2020-03-15,Sabah,Kinabatangan,
2020-03-16,Sabah,Kinabatangan,
2020-03-17,Sabah,Kinabatangan,
2020-03-18,Sabah,Kinabatangan,
2020-03-19,Sabah,Kinabatangan,
2020-03-20,Sabah,Kinabatangan,
2020-03-21,Sabah,Kinabatangan,11.0
2020-03-22,Sabah,Kinabatangan,
2020-03-23,Sabah,Kinabatangan,
2020-03-24,Sabah,Kinabatangan,11.0
2020-03-25,Sabah,Kinabatangan,11.0
2020-03-26,Sabah,Kinabatangan,11.0
2020-03-27,Sabah,Kinabatangan,
2020-03-28,Sabah,Kinabatangan,14.0
2020-03-29,Sabah,Kinabatangan,
2020-03-30,Sabah,Kinabatangan,14.0
2020-03-31,Sabah,Kinabatangan,
2020-04-01,Sabah,Kinabatangan,
2020-04-02,Sabah,Kinabatangan,
2020-04-03,Sabah,Kinabatangan,
2020-03-10,Sabah,Sandakan,
2020-03-11,Sabah,Sandakan,
2020-03-12,Sabah,Sandakan,
2020-03-13,Sabah,Sandakan,
2020-03-14,Sabah,Sandakan,
2020-03-15,Sabah,Sandakan,
2020-03-16,Sabah,Sandakan,
2020-03-17,Sabah,Sandakan,
2020-03-18,Sabah,Sandakan,
2020-03-19,Sabah,Sandakan,
2020-03-20,Sabah,Sandakan,
2020-03-21,Sabah,Sandakan,8.0
2020-03-22,Sabah,Sandakan,
2020-03-23,Sabah,Sandakan,
2020-03-24,Sabah,Sandakan,11.0
2020-03-25,Sabah,Sandakan,11.0
2020-03-26,Sabah,Sandakan,11.0
2020-03-27,Sabah,Sandakan,
2020-03-28,Sabah,Sandakan,15.0
2020-03-29,Sabah,Sandakan,
2020-03-30,Sabah,Sandakan,15.0
2020-03-31,Sabah,Sandakan,
2020-04-01,Sabah,Sandakan,
2020-04-02,Sabah,Sandakan,
2020-04-03,Sabah,Sandakan,
2020-03-10,Sabah,Tuaran,
2020-03-11,Sabah,Tuaran,
2020-03-12,Sabah,Tuaran,
2020-03-13,Sabah,Tuaran,
2020-03-14,Sabah,Tuaran,
2020-03-15,Sabah,Tuaran,
2020-03-16,Sabah,Tuaran,
2020-03-17,Sabah,Tuaran,
2020-03-18,Sabah,Tuaran,
2020-03-19,Sabah,Tuaran,
2020-03-20,Sabah,Tuaran,
2020-03-21,Sabah,Tuaran,6.0
2020-03-22,Sabah,Tuaran,
2020-03-23,Sabah,Tuaran,
2020-03-24,Sabah,Tuaran,12.0
2020-03-25,Sabah,Tuaran,12.0
2020-03-26,Sabah,Tuaran,12.0
2020-03-27,Sabah,Tuaran,
2020-03-28,Sabah,Tuaran,12.0
2020-03-29,Sabah,Tuaran,
2020-03-30,Sabah,Tuaran,12.0
2020-03-31,Sabah,Tuaran,
2020-04-01,Sabah,Tuaran,
2020-04-02,Sabah,Tuaran,
2020-04-03,Sabah,Tuaran,
2020-03-10,Sabah,Beaufort,
2020-03-11,Sabah,Beaufort,
2020-03-12,Sabah,Beaufort,
2020-03-13,Sabah,Beaufort,
2020-03-14,Sabah,Beaufort,
2020-03-15,Sabah,Beaufort,
2020-03-16,Sabah,Beaufort,
2020-03-17,Sabah,Beaufort,
2020-03-18,Sabah,Beaufort,
2020-03-19,Sabah,Beaufort,
2020-03-20,Sabah,Beaufort,
2020-03-21,Sabah,Beaufort,6.0
2020-03-22,Sabah,Beaufort,
2020-03-23,Sabah,Beaufort,
2020-03-24,Sabah,Beaufort,6.0
2020-03-25,Sabah,Beaufort,6.0
2020-03-26,Sabah,Beaufort,6.0
2020-03-27,Sabah,Beaufort,
2020-03-28,Sabah,Beaufort,7.0
2020-03-29,Sabah,Beaufort,
2020-03-30,Sabah,Beaufort,7.0
2020-03-31,Sabah,Beaufort,
2020-04-01,Sabah,Beaufort,
2020-04-02,Sabah,Beaufort,
2020-04-03,Sabah,Beaufort,
2020-03-10,Sabah,Kota Belud,
2020-03-11,Sabah,Kota Belud,
2020-03-12,Sabah,Kota Belud,
2020-03-13,Sabah,Kota Belud,
2020-03-14,Sabah,Kota Belud,
2020-03-15,Sabah,Kota Belud,
2020-03-16,Sabah,Kota Belud,
2020-03-17,Sabah,Kota Belud,
2020-03-18,Sabah,Kota Belud,
2020-03-19,Sabah,Kota Belud,
2020-03-20,Sabah,Kota Belud,
2020-03-21,Sabah,Kota Belud,5.0
2020-03-22,Sabah,Kota Belud,
2020-03-23,Sabah,Kota Belud,
2020-03-24,Sabah,Kota Belud,5.0
2020-03-25,Sabah,Kota Belud,5.0
2020-03-26,Sabah,Kota Belud,5.0
2020-03-27,Sabah,Kota Belud,
2020-03-28,Sabah,Kota Belud,5.0
2020-03-29,Sabah,Kota Belud,
2020-03-30,Sabah,Kota Belud,5.0
2020-03-31,Sabah,Kota Belud,
2020-04-01,Sabah,Kota Belud,
2020-04-02,Sabah,Kota Belud,
2020-04-03,Sabah,Kota Belud,
2020-03-10,Sabah,Kunak,
2020-03-11,Sabah,Kunak,
2020-03-12,Sabah,Kunak,
2020-03-13,Sabah,Kunak,
2020-03-14,Sabah,Kunak,
2020-03-15,Sabah,Kunak,
2020-03-16,Sabah,Kunak,
2020-03-17,Sabah,Kunak,
2020-03-18,Sabah,Kunak,
2020-03-19,Sabah,Kunak,
2020-03-20,Sabah,Kunak,
2020-03-21,Sabah,Kunak,5.0
2020-03-22,Sabah,Kunak,
2020-03-23,Sabah,Kunak,
2020-03-24,Sabah,Kunak,5.0
2020-03-25,Sabah,Kunak,5.0
2020-03-26,Sabah,Kunak,5.0
2020-03-27,Sabah,Kunak,
2020-03-28,Sabah,Kunak,7.0
2020-03-29,Sabah,Kunak,
2020-03-30,Sabah,Kunak,7.0
2020-03-31,Sabah,Kunak,
2020-04-01,Sabah,Kunak,
2020-04-02,Sabah,Kunak,
2020-04-03,Sabah,Kunak,
2020-03-10,Sabah,Sipitang,
2020-03-11,Sabah,Sipitang,
2020-03-12,Sabah,Sipitang,
2020-03-13,Sabah,Sipitang,
2020-03-14,Sabah,Sipitang,
2020-03-15,Sabah,Sipitang,
2020-03-16,Sabah,Sipitang,
2020-03-17,Sabah,Sipitang,
2020-03-18,Sabah,Sipitang,
2020-03-19,Sabah,Sipitang,
2020-03-20,Sabah,Sipitang,
2020-03-21,Sabah,Sipitang,4.0
2020-03-22,Sabah,Sipitang,
2020-03-23,Sabah,Sipitang,
2020-03-24,Sabah,Sipitang,4.0
2020-03-25,Sabah,Sipitang,4.0
2020-03-26,Sabah,Sipitang,4.0
2020-03-27,Sabah,Sipitang,
2020-03-28,Sabah,Sipitang,4.0
2020-03-29,Sabah,Sipitang,
2020-03-30,Sabah,Sipitang,4.0
2020-03-31,Sabah,Sipitang,
2020-04-01,Sabah,Sipitang,
2020-04-02,Sabah,Sipitang,
2020-04-03,Sabah,Sipitang,
2020-03-10,Sabah,Putatan,
2020-03-11,Sabah,Putatan,
2020-03-12,Sabah,Putatan,
2020-03-13,Sabah,Putatan,
2020-03-14,Sabah,Putatan,
2020-03-15,Sabah,Putatan,
2020-03-16,Sabah,Putatan,
2020-03-17,Sabah,Putatan,
2020-03-18,Sabah,Putatan,
2020-03-19,Sabah,Putatan,
2020-03-20,Sabah,Putatan,
2020-03-21,Sabah,Putatan,3.0
2020-03-22,Sabah,Putatan,
2020-03-23,Sabah,Putatan,
2020-03-24,Sabah,Putatan,4.0
2020-03-25,Sabah,Putatan,4.0
2020-03-26,Sabah,Putatan,4.0
2020-03-27,Sabah,Putatan,
2020-03-28,Sabah,Putatan,6.0
2020-03-29,Sabah,Putatan,
2020-03-30,Sabah,Putatan,7.0
2020-03-31,Sabah,Putatan,
2020-04-01,Sabah,Putatan,
2020-04-02,Sabah,Putatan,
2020-04-03,Sabah,Putatan,
2020-03-10,Sabah,Papar,
2020-03-11,Sabah,Papar,
2020-03-12,Sabah,Papar,
2020-03-13,Sabah,Papar,
2020-03-14,Sabah,Papar,
2020-03-15,Sabah,Papar,
2020-03-16,Sabah,Papar,
2020-03-17,Sabah,Papar,
2020-03-18,Sabah,Papar,
2020-03-19,Sabah,Papar,
2020-03-20,Sabah,Papar,
2020-03-21,Sabah,Papar,1.0
2020-03-22,Sabah,Papar,
2020-03-23,Sabah,Papar,
2020-03-24,Sabah,Papar,2.0
2020-03-25,Sabah,Papar,2.0
2020-03-26,Sabah,Papar,2.0
2020-03-27,Sabah,Papar,
2020-03-28,Sabah,Papar,2.0
2020-03-29,Sabah,Papar,
2020-03-30,Sabah,Papar,2.0
2020-03-31,Sabah,Papar,
2020-04-01,Sabah,Papar,
2020-04-02,Sabah,Papar,
2020-04-03,Sabah,Papar,
2020-03-10,Sabah,Semporna,
2020-03-11,Sabah,Semporna,
2020-03-12,Sabah,Semporna,
2020-03-13,Sabah,Semporna,
2020-03-14,Sabah,Semporna,
2020-03-15,Sabah,Semporna,
2020-03-16,Sabah,Semporna,
2020-03-17,Sabah,Semporna,
2020-03-18,Sabah,Semporna,
2020-03-19,Sabah,Semporna,
2020-03-20,Sabah,Semporna,
2020-03-21,Sabah,Semporna,1.0
2020-03-22,Sabah,Semporna,
2020-03-23,Sabah,Semporna,
2020-03-24,Sabah,Semporna,1.0
2020-03-25,Sabah,Semporna,1.0
2020-03-26,Sabah,Semporna,1.0
2020-03-27,Sabah,Semporna,
2020-03-28,Sabah,Semporna,1.0
2020-03-29,Sabah,Semporna,
2020-03-30,Sabah,Semporna,1.0
2020-03-31,Sabah,Semporna,
2020-04-01,Sabah,Semporna,
2020-04-02,Sabah,Semporna,
2020-04-03,Sabah,Semporna,
2020-03-10,Sabah,Ranau,
2020-03-11,Sabah,Ranau,
2020-03-12,Sabah,Ranau,
2020-03-13,Sabah,Ranau,
2020-03-14,Sabah,Ranau,
2020-03-15,Sabah,Ranau,
2020-03-16,Sabah,Ranau,
2020-03-17,Sabah,Ranau,
2020-03-18,Sabah,Ranau,
2020-03-19,Sabah,Ranau,
2020-03-20,Sabah,Ranau,
2020-03-21,Sabah,Ranau,
2020-03-22,Sabah,Ranau,
2020-03-23,Sabah,Ranau,
2020-03-24,Sabah,Ranau,2.0
2020-03-25,Sabah,Ranau,2.0
2020-03-26,Sabah,Ranau,2.0
2020-03-27,Sabah,Ranau,
2020-03-28,Sabah,Ranau,2.0
2020-03-29,Sabah,Ranau,
2020-03-30,Sabah,Ranau,2.0
2020-03-31,Sabah,Ranau,
2020-04-01,Sabah,Ranau,
2020-04-02,Sabah,Ranau,
2020-04-03,Sabah,Ranau,
2020-03-10,Sabah,Keningau,
2020-03-11,Sabah,Keningau,
2020-03-12,Sabah,Keningau,
2020-03-13,Sabah,Keningau,
2020-03-14,Sabah,Keningau,
2020-03-15,Sabah,Keningau,
2020-03-16,Sabah,Keningau,
2020-03-17,Sabah,Keningau,
2020-03-18,Sabah,Keningau,
2020-03-19,Sabah,Keningau,
2020-03-20,Sabah,Keningau,
2020-03-21,Sabah,Keningau,
2020-03-22,Sabah,Keningau,
2020-03-23,Sabah,Keningau,
2020-03-24,Sabah,Keningau,
2020-03-25,Sabah,Keningau,
2020-03-26,Sabah,Keningau,
2020-03-27,Sabah,Keningau,
2020-03-28,Sabah,Keningau,1.0
2020-03-29,Sabah,Keningau,
2020-03-30,Sabah,Keningau,
2020-03-31,Sabah,Keningau,
2020-04-01,Sabah,Keningau,
2020-04-02,Sabah,Keningau,
2020-04-03,Sabah,Keningau,
2020-03-10,Sabah,Tambunan,
2020-03-11,Sabah,Tambunan,
2020-03-12,Sabah,Tambunan,
2020-03-13,Sabah,Tambunan,
2020-03-14,Sabah,Tambunan,
2020-03-15,Sabah,Tambunan,
2020-03-16,Sabah,Tambunan,
2020-03-17,Sabah,Tambunan,
2020-03-18,Sabah,Tambunan,
2020-03-19,Sabah,Tambunan,
2020-03-20,Sabah,Tambunan,
2020-03-21,Sabah,Tambunan,
2020-03-22,Sabah,Tambunan,
2020-03-23,Sabah,Tambunan,
2020-03-24,Sabah,Tambunan,
2020-03-25,Sabah,Tambunan,
2020-03-26,Sabah,Tambunan,
2020-03-27,Sabah,Tambunan,
2020-03-28,Sabah,Tambunan,
2020-03-29,Sabah,Tambunan,
2020-03-30,Sabah,Tambunan,1.0
2020-03-31,Sabah,Tambunan,
2020-04-01,Sabah,Tambunan,
2020-04-02,Sabah,Tambunan,
2020-04-03,Sabah,Tambunan,
2020-03-10,Sabah,Penampang,
2020-03-11,Sabah,Penampang,
2020-03-12,Sabah,Penampang,
2020-03-13,Sabah,Penampang,
2020-03-14,Sabah,Penampang,
2020-03-15,Sabah,Penampang,
2020-03-16,Sabah,Penampang,
2020-03-17,Sabah,Penampang,
2020-03-18,Sabah,Penampang,
2020-03-19,Sabah,Penampang,
2020-03-20,Sabah,Penampang,
2020-03-21,Sabah,Penampang,
2020-03-22,Sabah,Penampang,
2020-03-23,Sabah,Penampang,
2020-03-24,Sabah,Penampang,
2020-03-25,Sabah,Penampang,
2020-03-26,Sabah,Penampang,
2020-03-27,Sabah,Penampang,
2020-03-28,Sabah,Penampang,
2020-03-29,Sabah,Penampang,
2020-03-30,Sabah,Penampang,1.0
2020-03-31,Sabah,Penampang,
2020-04-01,Sabah,Penampang,
2020-04-02,Sabah,Penampang,
2020-04-03,Sabah,Penampang,
2020-03-10,WP Labuan,Labuan,
2020-03-11,WP Labuan,Labuan,
2020-03-12,WP Labuan,Labuan,
2020-03-13,WP Labuan,Labuan,
2020-03-14,WP Labuan,Labuan,
2020-03-15,WP Labuan,Labuan,
2020-03-16,WP Labuan,Labuan,
2020-03-17,WP Labuan,Labuan,
2020-03-18,WP Labuan,Labuan,
2020-03-19,WP Labuan,Labuan,
2020-03-20,WP Labuan,Labuan,
2020-03-21,WP Labuan,Labuan,5.0
2020-03-22,WP Labuan,Labuan,
2020-03-23,WP Labuan,Labuan,
2020-03-24,WP Labuan,Labuan,5.0
2020-03-25,WP Labuan,Labuan,5.0
2020-03-26,WP Labuan,Labuan,5.0
2020-03-27,WP Labuan,Labuan,
2020-03-28,WP Labuan,Labuan,10.0
2020-03-29,WP Labuan,Labuan,
2020-03-30,WP Labuan,Labuan,10.0
2020-03-31,WP Labuan,Labuan,
2020-04-01,WP Labuan,Labuan,
2020-04-02,WP Labuan,Labuan,
2020-04-03,WP Labuan,Labuan,
