Date,state,cases
2020-01-25,Perlis,
2020-01-26,Perlis,
2020-01-27,Perlis,
2020-01-28,Perlis,
2020-01-29,Perlis,
2020-01-30,Perlis,
2020-01-31,Perlis,
2020-02-01,Perlis,
2020-02-02,Perlis,
2020-02-03,Perlis,
2020-02-04,Perlis,
2020-02-05,Perlis,
2020-02-06,Perlis,
2020-02-07,Perlis,
2020-02-08,Perlis,
2020-02-09,Perlis,
2020-02-10,Perlis,
2020-02-11,Perlis,
2020-02-12,Perlis,
2020-02-13,Perlis,
2020-02-14,Perlis,
2020-02-15,Perlis,
2020-02-16,Perlis,
2020-02-17,Perlis,
2020-02-18,Perlis,
2020-02-19,Perlis,
2020-02-20,Perlis,
2020-02-21,Perlis,
2020-02-22,Perlis,
2020-02-23,Perlis,
2020-02-24,Perlis,
2020-02-25,Perlis,
2020-02-26,Perlis,
2020-02-27,Perlis,
2020-02-28,Perlis,
2020-02-29,Perlis,
2020-03-01,Perlis,
2020-03-02,Perlis,
2020-03-03,Perlis,
2020-03-04,Perlis,
2020-03-05,Perlis,
2020-03-06,Perlis,
2020-03-07,Perlis,
2020-03-08,Perlis,
2020-03-09,Perlis,
2020-03-10,Perlis,
2020-03-11,Perlis,
2020-03-12,Perlis,
2020-03-13,Perlis,1.0
2020-03-14,Perlis,2.0
2020-03-15,Perlis,2.0
2020-03-16,Perlis,8.0
2020-03-17,Perlis,8.0
2020-03-18,Perlis,8.0
2020-03-19,Perlis,9.0
2020-03-20,Perlis,9.0
2020-03-21,Perlis,9.0
2020-03-22,Perlis,9.0
2020-03-23,Perlis,9.0
2020-03-24,Perlis,9.0
2020-03-25,Perlis,10.0
2020-03-26,Perlis,10.0
2020-03-27,Perlis,10.0
2020-03-28,Perlis,10.0
2020-03-29,Perlis,10.0
2020-03-30,Perlis,11.0
2020-03-31,Perlis,12.0
2020-04-01,Perlis,12.0
2020-04-02,Perlis,12.0
2020-04-03,Perlis,12.0
2020-04-04,Perlis,12.0
2020-04-05,Perlis,12.0
2020-01-25,Kedah,
2020-01-26,Kedah,
2020-01-27,Kedah,
2020-01-28,Kedah,
2020-01-29,Kedah,
2020-01-30,Kedah,
2020-01-31,Kedah,
2020-02-01,Kedah,
2020-02-02,Kedah,
2020-02-03,Kedah,
2020-02-04,Kedah,
2020-02-05,Kedah,
2020-02-06,Kedah,
2020-02-07,Kedah,
2020-02-08,Kedah,
2020-02-09,Kedah,
2020-02-10,Kedah,
2020-02-11,Kedah,
2020-02-12,Kedah,
2020-02-13,Kedah,
2020-02-14,Kedah,
2020-02-15,Kedah,
2020-02-16,Kedah,
2020-02-17,Kedah,
2020-02-18,Kedah,
2020-02-19,Kedah,
2020-02-20,Kedah,
2020-02-21,Kedah,
2020-02-22,Kedah,
2020-02-23,Kedah,
2020-02-24,Kedah,
2020-02-25,Kedah,
2020-02-26,Kedah,
2020-02-27,Kedah,
2020-02-28,Kedah,
2020-02-29,Kedah,
2020-03-01,Kedah,
2020-03-02,Kedah,
2020-03-03,Kedah,
2020-03-04,Kedah,
2020-03-05,Kedah,
2020-03-06,Kedah,
2020-03-07,Kedah,
2020-03-08,Kedah,
2020-03-09,Kedah,
2020-03-10,Kedah,
2020-03-11,Kedah,
2020-03-12,Kedah,
2020-03-13,Kedah,5.0
2020-03-14,Kedah,5.0
2020-03-15,Kedah,5.0
2020-03-16,Kedah,31.0
2020-03-17,Kedah,31.0
2020-03-18,Kedah,36.0
2020-03-19,Kedah,40.0
2020-03-20,Kedah,41.0
2020-03-21,Kedah,47.0
2020-03-22,Kedah,52.0
2020-03-23,Kedah,59.0
2020-03-24,Kedah,64.0
2020-03-25,Kedah,69.0
2020-03-26,Kedah,72.0
2020-03-27,Kedah,73.0
2020-03-28,Kedah,74.0
2020-03-29,Kedah,75.0
2020-03-30,Kedah,77.0
2020-03-31,Kedah,77.0
2020-04-01,Kedah,77.0
2020-04-02,Kedah,77.0
2020-04-03,Kedah,77.0
2020-04-04,Kedah,77.0
2020-04-05,Kedah,77.0
2020-01-25,Pulau Pinang,
2020-01-26,Pulau Pinang,
2020-01-27,Pulau Pinang,
2020-01-28,Pulau Pinang,
2020-01-29,Pulau Pinang,
2020-01-30,Pulau Pinang,
2020-01-31,Pulau Pinang,
2020-02-01,Pulau Pinang,
2020-02-02,Pulau Pinang,
2020-02-03,Pulau Pinang,
2020-02-04,Pulau Pinang,
2020-02-05,Pulau Pinang,
2020-02-06,Pulau Pinang,
2020-02-07,Pulau Pinang,
2020-02-08,Pulau Pinang,
2020-02-09,Pulau Pinang,
2020-02-10,Pulau Pinang,
2020-02-11,Pulau Pinang,
2020-02-12,Pulau Pinang,
2020-02-13,Pulau Pinang,
2020-02-14,Pulau Pinang,
2020-02-15,Pulau Pinang,
2020-02-16,Pulau Pinang,
2020-02-17,Pulau Pinang,
2020-02-18,Pulau Pinang,
2020-02-19,Pulau Pinang,
2020-02-20,Pulau Pinang,
2020-02-21,Pulau Pinang,
2020-02-22,Pulau Pinang,
2020-02-23,Pulau Pinang,
2020-02-24,Pulau Pinang,
2020-02-25,Pulau Pinang,
2020-02-26,Pulau Pinang,
2020-02-27,Pulau Pinang,
2020-02-28,Pulau Pinang,
2020-02-29,Pulau Pinang,
2020-03-01,Pulau Pinang,
2020-03-02,Pulau Pinang,
2020-03-03,Pulau Pinang,
2020-03-04,Pulau Pinang,
2020-03-05,Pulau Pinang,
2020-03-06,Pulau Pinang,
2020-03-07,Pulau Pinang,
2020-03-08,Pulau Pinang,
2020-03-09,Pulau Pinang,
2020-03-10,Pulau Pinang,
2020-03-11,Pulau Pinang,
2020-03-12,Pulau Pinang,
2020-03-13,Pulau Pinang,7.0
2020-03-14,Pulau Pinang,7.0
2020-03-15,Pulau Pinang,7.0
2020-03-16,Pulau Pinang,15.0
2020-03-17,Pulau Pinang,23.0
2020-03-18,Pulau Pinang,30.0
2020-03-19,Pulau Pinang,32.0
2020-03-20,Pulau Pinang,37.0
2020-03-21,Pulau Pinang,50.0
2020-03-22,Pulau Pinang,58.0
2020-03-23,Pulau Pinang,66.0
2020-03-24,Pulau Pinang,68.0
2020-03-25,Pulau Pinang,70.0
2020-03-26,Pulau Pinang,74.0
2020-03-27,Pulau Pinang,80.0
2020-03-28,Pulau Pinang,86.0
2020-03-29,Pulau Pinang,87.0
2020-03-30,Pulau Pinang,88.0
2020-03-31,Pulau Pinang,94.0
2020-04-01,Pulau Pinang,94.0
2020-04-02,Pulau Pinang,94.0
2020-04-03,Pulau Pinang,94.0
2020-04-04,Pulau Pinang,94.0
2020-04-05,Pulau Pinang,94.0
2020-01-25,Perak,
2020-01-26,Perak,
2020-01-27,Perak,
2020-01-28,Perak,
2020-01-29,Perak,
2020-01-30,Perak,
2020-01-31,Perak,
2020-02-01,Perak,
2020-02-02,Perak,
2020-02-03,Perak,
2020-02-04,Perak,
2020-02-05,Perak,
2020-02-06,Perak,
2020-02-07,Perak,
2020-02-08,Perak,
2020-02-09,Perak,
2020-02-10,Perak,
2020-02-11,Perak,
2020-02-12,Perak,
2020-02-13,Perak,
2020-02-14,Perak,
2020-02-15,Perak,
2020-02-16,Perak,
2020-02-17,Perak,
2020-02-18,Perak,
2020-02-19,Perak,
2020-02-20,Perak,
2020-02-21,Perak,
2020-02-22,Perak,
2020-02-23,Perak,
2020-02-24,Perak,
2020-02-25,Perak,
2020-02-26,Perak,
2020-02-27,Perak,
2020-02-28,Perak,
2020-02-29,Perak,
2020-03-01,Perak,
2020-03-02,Perak,
2020-03-03,Perak,
2020-03-04,Perak,
2020-03-05,Perak,
2020-03-06,Perak,
2020-03-07,Perak,
2020-03-08,Perak,
2020-03-09,Perak,
2020-03-10,Perak,
2020-03-11,Perak,
2020-03-12,Perak,
2020-03-13,Perak,2.0
2020-03-14,Perak,2.0
2020-03-15,Perak,2.0
2020-03-16,Perak,18.0
2020-03-17,Perak,23.0
2020-03-18,Perak,28.0
2020-03-19,Perak,35.0
2020-03-20,Perak,45.0
2020-03-21,Perak,55.0
2020-03-22,Perak,66.0
2020-03-23,Perak,81.0
2020-03-24,Perak,98.0
2020-03-25,Perak,128.0
2020-03-26,Perak,151.0
2020-03-27,Perak,159.0
2020-03-28,Perak,165.0
2020-03-29,Perak,176.0
2020-03-30,Perak,184.0
2020-03-31,Perak,189.0
2020-04-01,Perak,189.0
2020-04-02,Perak,189.0
2020-04-03,Perak,189.0
2020-04-04,Perak,189.0
2020-04-05,Perak,189.0
2020-01-25,Selangor,
2020-01-26,Selangor,
2020-01-27,Selangor,
2020-01-28,Selangor,
2020-01-29,Selangor,
2020-01-30,Selangor,
2020-01-31,Selangor,
2020-02-01,Selangor,
2020-02-02,Selangor,
2020-02-03,Selangor,
2020-02-04,Selangor,
2020-02-05,Selangor,
2020-02-06,Selangor,
2020-02-07,Selangor,
2020-02-08,Selangor,
2020-02-09,Selangor,
2020-02-10,Selangor,
2020-02-11,Selangor,
2020-02-12,Selangor,
2020-02-13,Selangor,
2020-02-14,Selangor,
2020-02-15,Selangor,
2020-02-16,Selangor,
2020-02-17,Selangor,
2020-02-18,Selangor,
2020-02-19,Selangor,
2020-02-20,Selangor,
2020-02-21,Selangor,
2020-02-22,Selangor,
2020-02-23,Selangor,
2020-02-24,Selangor,
2020-02-25,Selangor,
2020-02-26,Selangor,
2020-02-27,Selangor,
2020-02-28,Selangor,
2020-02-29,Selangor,18.0
2020-03-01,Selangor,20.0
2020-03-02,Selangor,22.0
2020-03-03,Selangor,26.0
2020-03-04,Selangor,36.0
2020-03-05,Selangor,40.0
2020-03-06,Selangor,60.0
2020-03-07,Selangor,64.0
2020-03-08,Selangor,68.0
2020-03-09,Selangor,72.0
2020-03-10,Selangor,76.0
2020-03-11,Selangor,80.0
2020-03-12,Selangor,84.0
2020-03-13,Selangor,87.0
2020-03-14,Selangor,92.0
2020-03-15,Selangor,92.0
2020-03-16,Selangor,144.0
2020-03-17,Selangor,161.0
2020-03-18,Selangor,192.0
2020-03-19,Selangor,223.0
2020-03-20,Selangor,263.0
2020-03-21,Selangor,292.0
2020-03-22,Selangor,309.0
2020-03-23,Selangor,354.0
2020-03-24,Selangor,381.0
2020-03-25,Selangor,435.0
2020-03-26,Selangor,510.0
2020-03-27,Selangor,546.0
2020-03-28,Selangor,579.0
2020-03-29,Selangor,612.0
2020-03-30,Selangor,672.0
2020-03-31,Selangor,704.0
2020-04-01,Selangor,704.0
2020-04-02,Selangor,704.0
2020-04-03,Selangor,704.0
2020-04-04,Selangor,704.0
2020-04-05,Selangor,704.0
2020-01-25,Negeri Sembilan,
2020-01-26,Negeri Sembilan,
2020-01-27,Negeri Sembilan,
2020-01-28,Negeri Sembilan,
2020-01-29,Negeri Sembilan,
2020-01-30,Negeri Sembilan,
2020-01-31,Negeri Sembilan,
2020-02-01,Negeri Sembilan,
2020-02-02,Negeri Sembilan,
2020-02-03,Negeri Sembilan,
2020-02-04,Negeri Sembilan,
2020-02-05,Negeri Sembilan,
2020-02-06,Negeri Sembilan,
2020-02-07,Negeri Sembilan,
2020-02-08,Negeri Sembilan,
2020-02-09,Negeri Sembilan,
2020-02-10,Negeri Sembilan,
2020-02-11,Negeri Sembilan,
2020-02-12,Negeri Sembilan,
2020-02-13,Negeri Sembilan,
2020-02-14,Negeri Sembilan,
2020-02-15,Negeri Sembilan,
2020-02-16,Negeri Sembilan,
2020-02-17,Negeri Sembilan,
2020-02-18,Negeri Sembilan,
2020-02-19,Negeri Sembilan,
2020-02-20,Negeri Sembilan,
2020-02-21,Negeri Sembilan,
2020-02-22,Negeri Sembilan,
2020-02-23,Negeri Sembilan,
2020-02-24,Negeri Sembilan,
2020-02-25,Negeri Sembilan,
2020-02-26,Negeri Sembilan,
2020-02-27,Negeri Sembilan,
2020-02-28,Negeri Sembilan,
2020-02-29,Negeri Sembilan,
2020-03-01,Negeri Sembilan,
2020-03-02,Negeri Sembilan,
2020-03-03,Negeri Sembilan,
2020-03-04,Negeri Sembilan,
2020-03-05,Negeri Sembilan,
2020-03-06,Negeri Sembilan,
2020-03-07,Negeri Sembilan,
2020-03-08,Negeri Sembilan,
2020-03-09,Negeri Sembilan,
2020-03-10,Negeri Sembilan,
2020-03-11,Negeri Sembilan,
2020-03-12,Negeri Sembilan,
2020-03-13,Negeri Sembilan,11.0
2020-03-14,Negeri Sembilan,19.0
2020-03-15,Negeri Sembilan,19.0
2020-03-16,Negeri Sembilan,42.0
2020-03-17,Negeri Sembilan,45.0
2020-03-18,Negeri Sembilan,45.0
2020-03-19,Negeri Sembilan,56.0
2020-03-20,Negeri Sembilan,65.0
2020-03-21,Negeri Sembilan,70.0
2020-03-22,Negeri Sembilan,78.0
2020-03-23,Negeri Sembilan,94.0
2020-03-24,Negeri Sembilan,109.0
2020-03-25,Negeri Sembilan,123.0
2020-03-26,Negeri Sembilan,132.0
2020-03-27,Negeri Sembilan,138.0
2020-03-28,Negeri Sembilan,153.0
2020-03-29,Negeri Sembilan,162.0
2020-03-30,Negeri Sembilan,172.0
2020-03-31,Negeri Sembilan,181.0
2020-04-01,Negeri Sembilan,181.0
2020-04-02,Negeri Sembilan,181.0
2020-04-03,Negeri Sembilan,181.0
2020-04-04,Negeri Sembilan,181.0
2020-04-05,Negeri Sembilan,181.0
2020-01-25,Melaka,
2020-01-26,Melaka,
2020-01-27,Melaka,
2020-01-28,Melaka,
2020-01-29,Melaka,
2020-01-30,Melaka,
2020-01-31,Melaka,
2020-02-01,Melaka,
2020-02-02,Melaka,
2020-02-03,Melaka,
2020-02-04,Melaka,
2020-02-05,Melaka,
2020-02-06,Melaka,
2020-02-07,Melaka,
2020-02-08,Melaka,
2020-02-09,Melaka,
2020-02-10,Melaka,
2020-02-11,Melaka,
2020-02-12,Melaka,
2020-02-13,Melaka,
2020-02-14,Melaka,
2020-02-15,Melaka,
2020-02-16,Melaka,
2020-02-17,Melaka,
2020-02-18,Melaka,
2020-02-19,Melaka,
2020-02-20,Melaka,
2020-02-21,Melaka,
2020-02-22,Melaka,
2020-02-23,Melaka,
2020-02-24,Melaka,
2020-02-25,Melaka,
2020-02-26,Melaka,
2020-02-27,Melaka,
2020-02-28,Melaka,
2020-02-29,Melaka,
2020-03-01,Melaka,
2020-03-02,Melaka,
2020-03-03,Melaka,
2020-03-04,Melaka,
2020-03-05,Melaka,
2020-03-06,Melaka,
2020-03-07,Melaka,
2020-03-08,Melaka,
2020-03-09,Melaka,
2020-03-10,Melaka,
2020-03-11,Melaka,
2020-03-12,Melaka,
2020-03-13,Melaka,1.0
2020-03-14,Melaka,6.0
2020-03-15,Melaka,6.0
2020-03-16,Melaka,14.0
2020-03-17,Melaka,17.0
2020-03-18,Melaka,18.0
2020-03-19,Melaka,20.0
2020-03-20,Melaka,22.0
2020-03-21,Melaka,22.0
2020-03-22,Melaka,23.0
2020-03-23,Melaka,25.0
2020-03-24,Melaka,31.0
2020-03-25,Melaka,33.0
2020-03-26,Melaka,33.0
2020-03-27,Melaka,33.0
2020-03-28,Melaka,42.0
2020-03-29,Melaka,43.0
2020-03-30,Melaka,50.0
2020-03-31,Melaka,52.0
2020-04-01,Melaka,52.0
2020-04-02,Melaka,52.0
2020-04-03,Melaka,52.0
2020-04-04,Melaka,52.0
2020-04-05,Melaka,52.0
2020-01-25,Johor,
2020-01-26,Johor,
2020-01-27,Johor,
2020-01-28,Johor,
2020-01-29,Johor,
2020-01-30,Johor,
2020-01-31,Johor,
2020-02-01,Johor,
2020-02-02,Johor,
2020-02-03,Johor,
2020-02-04,Johor,
2020-02-05,Johor,
2020-02-06,Johor,
2020-02-07,Johor,
2020-02-08,Johor,
2020-02-09,Johor,
2020-02-10,Johor,
2020-02-11,Johor,
2020-02-12,Johor,
2020-02-13,Johor,
2020-02-14,Johor,
2020-02-15,Johor,
2020-02-16,Johor,
2020-02-17,Johor,
2020-02-18,Johor,
2020-02-19,Johor,
2020-02-20,Johor,
2020-02-21,Johor,
2020-02-22,Johor,
2020-02-23,Johor,
2020-02-24,Johor,
2020-02-25,Johor,
2020-02-26,Johor,
2020-02-27,Johor,
2020-02-28,Johor,
2020-02-29,Johor,
2020-03-01,Johor,
2020-03-02,Johor,
2020-03-03,Johor,
2020-03-04,Johor,
2020-03-05,Johor,
2020-03-06,Johor,
2020-03-07,Johor,
2020-03-08,Johor,
2020-03-09,Johor,
2020-03-10,Johor,
2020-03-11,Johor,
2020-03-12,Johor,
2020-03-13,Johor,16.0
2020-03-14,Johor,22.0
2020-03-15,Johor,22.0
2020-03-16,Johor,52.0
2020-03-17,Johor,77.0
2020-03-18,Johor,88.0
2020-03-19,Johor,101.0
2020-03-20,Johor,114.0
2020-03-21,Johor,129.0
2020-03-22,Johor,145.0
2020-03-23,Johor,158.0
2020-03-24,Johor,162.0
2020-03-25,Johor,196.0
2020-03-26,Johor,239.0
2020-03-27,Johor,259.0
2020-03-28,Johor,285.0
2020-03-29,Johor,309.0
2020-03-30,Johor,333.0
2020-03-31,Johor,349.0
2020-04-01,Johor,349.0
2020-04-02,Johor,349.0
2020-04-03,Johor,349.0
2020-04-04,Johor,349.0
2020-04-05,Johor,349.0
2020-01-25,Pahang,
2020-01-26,Pahang,
2020-01-27,Pahang,
2020-01-28,Pahang,
2020-01-29,Pahang,
2020-01-30,Pahang,
2020-01-31,Pahang,
2020-02-01,Pahang,
2020-02-02,Pahang,
2020-02-03,Pahang,
2020-02-04,Pahang,
2020-02-05,Pahang,
2020-02-06,Pahang,
2020-02-07,Pahang,
2020-02-08,Pahang,
2020-02-09,Pahang,
2020-02-10,Pahang,
2020-02-11,Pahang,
2020-02-12,Pahang,
2020-02-13,Pahang,
2020-02-14,Pahang,
2020-02-15,Pahang,
2020-02-16,Pahang,
2020-02-17,Pahang,
2020-02-18,Pahang,
2020-02-19,Pahang,
2020-02-20,Pahang,
2020-02-21,Pahang,
2020-02-22,Pahang,
2020-02-23,Pahang,
2020-02-24,Pahang,
2020-02-25,Pahang,
2020-02-26,Pahang,
2020-02-27,Pahang,
2020-02-28,Pahang,
2020-02-29,Pahang,
2020-03-01,Pahang,
2020-03-02,Pahang,
2020-03-03,Pahang,
2020-03-04,Pahang,
2020-03-05,Pahang,
2020-03-06,Pahang,
2020-03-07,Pahang,
2020-03-08,Pahang,
2020-03-09,Pahang,
2020-03-10,Pahang,
2020-03-11,Pahang,
2020-03-12,Pahang,
2020-03-13,Pahang,2.0
2020-03-14,Pahang,2.0
2020-03-15,Pahang,2.0
2020-03-16,Pahang,19.0
2020-03-17,Pahang,28.0
2020-03-18,Pahang,29.0
2020-03-19,Pahang,32.0
2020-03-20,Pahang,36.0
2020-03-21,Pahang,37.0
2020-03-22,Pahang,40.0
2020-03-23,Pahang,56.0
2020-03-24,Pahang,56.0
2020-03-25,Pahang,64.0
2020-03-26,Pahang,66.0
2020-03-27,Pahang,70.0
2020-03-28,Pahang,84.0
2020-03-29,Pahang,96.0
2020-03-30,Pahang,99.0
2020-03-31,Pahang,102.0
2020-04-01,Pahang,102.0
2020-04-02,Pahang,102.0
2020-04-03,Pahang,102.0
2020-04-04,Pahang,102.0
2020-04-05,Pahang,102.0
2020-01-25,Terengganu,
2020-01-26,Terengganu,
2020-01-27,Terengganu,
2020-01-28,Terengganu,
2020-01-29,Terengganu,
2020-01-30,Terengganu,
2020-01-31,Terengganu,
2020-02-01,Terengganu,
2020-02-02,Terengganu,
2020-02-03,Terengganu,
2020-02-04,Terengganu,
2020-02-05,Terengganu,
2020-02-06,Terengganu,
2020-02-07,Terengganu,
2020-02-08,Terengganu,
2020-02-09,Terengganu,
2020-02-10,Terengganu,
2020-02-11,Terengganu,
2020-02-12,Terengganu,
2020-02-13,Terengganu,
2020-02-14,Terengganu,
2020-02-15,Terengganu,
2020-02-16,Terengganu,
2020-02-17,Terengganu,
2020-02-18,Terengganu,
2020-02-19,Terengganu,
2020-02-20,Terengganu,
2020-02-21,Terengganu,
2020-02-22,Terengganu,
2020-02-23,Terengganu,
2020-02-24,Terengganu,
2020-02-25,Terengganu,
2020-02-26,Terengganu,
2020-02-27,Terengganu,
2020-02-28,Terengganu,
2020-02-29,Terengganu,
2020-03-01,Terengganu,
2020-03-02,Terengganu,
2020-03-03,Terengganu,
2020-03-04,Terengganu,
2020-03-05,Terengganu,
2020-03-06,Terengganu,
2020-03-07,Terengganu,
2020-03-08,Terengganu,
2020-03-09,Terengganu,
2020-03-10,Terengganu,
2020-03-11,Terengganu,
2020-03-12,Terengganu,
2020-03-13,Terengganu,0.0
2020-03-14,Terengganu,0.0
2020-03-15,Terengganu,0.0
2020-03-16,Terengganu,4.0
2020-03-17,Terengganu,7.0
2020-03-18,Terengganu,10.0
2020-03-19,Terengganu,11.0
2020-03-20,Terengganu,20.0
2020-03-21,Terengganu,27.0
2020-03-22,Terengganu,32.0
2020-03-23,Terengganu,38.0
2020-03-24,Terengganu,38.0
2020-03-25,Terengganu,38.0
2020-03-26,Terengganu,39.0
2020-03-27,Terengganu,41.0
2020-03-28,Terengganu,45.0
2020-03-29,Terengganu,47.0
2020-03-30,Terengganu,47.0
2020-03-31,Terengganu,47.0
2020-04-01,Terengganu,47.0
2020-04-02,Terengganu,47.0
2020-04-03,Terengganu,47.0
2020-04-04,Terengganu,47.0
2020-04-05,Terengganu,47.0
2020-01-25,Kelantan,
2020-01-26,Kelantan,
2020-01-27,Kelantan,
2020-01-28,Kelantan,
2020-01-29,Kelantan,
2020-01-30,Kelantan,
2020-01-31,Kelantan,
2020-02-01,Kelantan,
2020-02-02,Kelantan,
2020-02-03,Kelantan,
2020-02-04,Kelantan,
2020-02-05,Kelantan,
2020-02-06,Kelantan,
2020-02-07,Kelantan,
2020-02-08,Kelantan,
2020-02-09,Kelantan,
2020-02-10,Kelantan,
2020-02-11,Kelantan,
2020-02-12,Kelantan,
2020-02-13,Kelantan,
2020-02-14,Kelantan,
2020-02-15,Kelantan,
2020-02-16,Kelantan,
2020-02-17,Kelantan,
2020-02-18,Kelantan,
2020-02-19,Kelantan,
2020-02-20,Kelantan,
2020-02-21,Kelantan,
2020-02-22,Kelantan,
2020-02-23,Kelantan,
2020-02-24,Kelantan,
2020-02-25,Kelantan,
2020-02-26,Kelantan,
2020-02-27,Kelantan,
2020-02-28,Kelantan,
2020-02-29,Kelantan,
2020-03-01,Kelantan,
2020-03-02,Kelantan,
2020-03-03,Kelantan,
2020-03-04,Kelantan,
2020-03-05,Kelantan,
2020-03-06,Kelantan,
2020-03-07,Kelantan,
2020-03-08,Kelantan,
2020-03-09,Kelantan,
2020-03-10,Kelantan,
2020-03-11,Kelantan,
2020-03-12,Kelantan,
2020-03-13,Kelantan,3.0
2020-03-14,Kelantan,3.0
2020-03-15,Kelantan,3.0
2020-03-16,Kelantan,18.0
2020-03-17,Kelantan,25.0
2020-03-18,Kelantan,30.0
2020-03-19,Kelantan,44.0
2020-03-20,Kelantan,51.0
2020-03-21,Kelantan,61.0
2020-03-22,Kelantan,63.0
2020-03-23,Kelantan,71.0
2020-03-24,Kelantan,78.0
2020-03-25,Kelantan,84.0
2020-03-26,Kelantan,94.0
2020-03-27,Kelantan,98.0
2020-03-28,Kelantan,108.0
2020-03-29,Kelantan,123.0
2020-03-30,Kelantan,127.0
2020-03-31,Kelantan,131.0
2020-04-01,Kelantan,131.0
2020-04-02,Kelantan,131.0
2020-04-03,Kelantan,131.0
2020-04-04,Kelantan,131.0
2020-04-05,Kelantan,131.0
2020-01-25,Sabah,
2020-01-26,Sabah,
2020-01-27,Sabah,
2020-01-28,Sabah,
2020-01-29,Sabah,
2020-01-30,Sabah,
2020-01-31,Sabah,
2020-02-01,Sabah,
2020-02-02,Sabah,
2020-02-03,Sabah,
2020-02-04,Sabah,
2020-02-05,Sabah,
2020-02-06,Sabah,
2020-02-07,Sabah,
2020-02-08,Sabah,
2020-02-09,Sabah,
2020-02-10,Sabah,
2020-02-11,Sabah,
2020-02-12,Sabah,
2020-02-13,Sabah,
2020-02-14,Sabah,
2020-02-15,Sabah,
2020-02-16,Sabah,
2020-02-17,Sabah,
2020-02-18,Sabah,
2020-02-19,Sabah,
2020-02-20,Sabah,
2020-02-21,Sabah,
2020-02-22,Sabah,
2020-02-23,Sabah,
2020-02-24,Sabah,
2020-02-25,Sabah,
2020-02-26,Sabah,
2020-02-27,Sabah,
2020-02-28,Sabah,
2020-02-29,Sabah,
2020-03-01,Sabah,
2020-03-02,Sabah,
2020-03-03,Sabah,
2020-03-04,Sabah,
2020-03-05,Sabah,
2020-03-06,Sabah,
2020-03-07,Sabah,
2020-03-08,Sabah,
2020-03-09,Sabah,
2020-03-10,Sabah,
2020-03-11,Sabah,
2020-03-12,Sabah,
2020-03-13,Sabah,15.0
2020-03-14,Sabah,26.0
2020-03-15,Sabah,26.0
2020-03-16,Sabah,57.0
2020-03-17,Sabah,82.0
2020-03-18,Sabah,103.0
2020-03-19,Sabah,112.0
2020-03-20,Sabah,119.0
2020-03-21,Sabah,136.0
2020-03-22,Sabah,158.0
2020-03-23,Sabah,169.0
2020-03-24,Sabah,170.0
2020-03-25,Sabah,170.0
2020-03-26,Sabah,172.0
2020-03-27,Sabah,182.0
2020-03-28,Sabah,197.0
2020-03-29,Sabah,197.0
2020-03-30,Sabah,201.0
2020-03-31,Sabah,206.0
2020-04-01,Sabah,206.0
2020-04-02,Sabah,206.0
2020-04-03,Sabah,206.0
2020-04-04,Sabah,206.0
2020-04-05,Sabah,206.0
2020-01-25,Sarawak,
2020-01-26,Sarawak,
2020-01-27,Sarawak,
2020-01-28,Sarawak,
2020-01-29,Sarawak,
2020-01-30,Sarawak,
2020-01-31,Sarawak,
2020-02-01,Sarawak,
2020-02-02,Sarawak,
2020-02-03,Sarawak,
2020-02-04,Sarawak,
2020-02-05,Sarawak,
2020-02-06,Sarawak,
2020-02-07,Sarawak,
2020-02-08,Sarawak,
2020-02-09,Sarawak,
2020-02-10,Sarawak,
2020-02-11,Sarawak,
2020-02-12,Sarawak,
2020-02-13,Sarawak,
2020-02-14,Sarawak,
2020-02-15,Sarawak,
2020-02-16,Sarawak,
2020-02-17,Sarawak,
2020-02-18,Sarawak,
2020-02-19,Sarawak,
2020-02-20,Sarawak,
2020-02-21,Sarawak,
2020-02-22,Sarawak,
2020-02-23,Sarawak,
2020-02-24,Sarawak,
2020-02-25,Sarawak,
2020-02-26,Sarawak,
2020-02-27,Sarawak,
2020-02-28,Sarawak,
2020-02-29,Sarawak,
2020-03-01,Sarawak,
2020-03-02,Sarawak,
2020-03-03,Sarawak,
2020-03-04,Sarawak,
2020-03-05,Sarawak,
2020-03-06,Sarawak,
2020-03-07,Sarawak,
2020-03-08,Sarawak,
2020-03-09,Sarawak,
2020-03-10,Sarawak,
2020-03-11,Sarawak,
2020-03-12,Sarawak,
2020-03-13,Sarawak,0.0
2020-03-14,Sarawak,6.0
2020-03-15,Sarawak,6.0
2020-03-16,Sarawak,21.0
2020-03-17,Sarawak,29.0
2020-03-18,Sarawak,49.0
2020-03-19,Sarawak,51.0
2020-03-20,Sarawak,58.0
2020-03-21,Sarawak,68.0
2020-03-22,Sarawak,76.0
2020-03-23,Sarawak,78.0
2020-03-24,Sarawak,83.0
2020-03-25,Sarawak,85.0
2020-03-26,Sarawak,95.0
2020-03-27,Sarawak,110.0
2020-03-28,Sarawak,118.0
2020-03-29,Sarawak,129.0
2020-03-30,Sarawak,135.0
2020-03-31,Sarawak,156.0
2020-04-01,Sarawak,156.0
2020-04-02,Sarawak,156.0
2020-04-03,Sarawak,156.0
2020-04-04,Sarawak,156.0
2020-04-05,Sarawak,156.0
2020-01-25,WP Labuan,
2020-01-26,WP Labuan,
2020-01-27,WP Labuan,
2020-01-28,WP Labuan,
2020-01-29,WP Labuan,
2020-01-30,WP Labuan,
2020-01-31,WP Labuan,
2020-02-01,WP Labuan,
2020-02-02,WP Labuan,
2020-02-03,WP Labuan,
2020-02-04,WP Labuan,
2020-02-05,WP Labuan,
2020-02-06,WP Labuan,
2020-02-07,WP Labuan,
2020-02-08,WP Labuan,
2020-02-09,WP Labuan,
2020-02-10,WP Labuan,
2020-02-11,WP Labuan,
2020-02-12,WP Labuan,
2020-02-13,WP Labuan,
2020-02-14,WP Labuan,
2020-02-15,WP Labuan,
2020-02-16,WP Labuan,
2020-02-17,WP Labuan,
2020-02-18,WP Labuan,
2020-02-19,WP Labuan,
2020-02-20,WP Labuan,
2020-02-21,WP Labuan,
2020-02-22,WP Labuan,
2020-02-23,WP Labuan,
2020-02-24,WP Labuan,
2020-02-25,WP Labuan,
2020-02-26,WP Labuan,
2020-02-27,WP Labuan,
2020-02-28,WP Labuan,
2020-02-29,WP Labuan,
2020-03-01,WP Labuan,
2020-03-02,WP Labuan,
2020-03-03,WP Labuan,
2020-03-04,WP Labuan,
2020-03-05,WP Labuan,
2020-03-06,WP Labuan,
2020-03-07,WP Labuan,
2020-03-08,WP Labuan,
2020-03-09,WP Labuan,
2020-03-10,WP Labuan,
2020-03-11,WP Labuan,
2020-03-12,WP Labuan,
2020-03-13,WP Labuan,2.0
2020-03-14,WP Labuan,2.0
2020-03-15,WP Labuan,2.0
2020-03-16,WP Labuan,4.0
2020-03-17,WP Labuan,4.0
2020-03-18,WP Labuan,5.0
2020-03-19,WP Labuan,5.0
2020-03-20,WP Labuan,5.0
2020-03-21,WP Labuan,5.0
2020-03-22,WP Labuan,5.0
2020-03-23,WP Labuan,5.0
2020-03-24,WP Labuan,5.0
2020-03-25,WP Labuan,5.0
2020-03-26,WP Labuan,5.0
2020-03-27,WP Labuan,5.0
2020-03-28,WP Labuan,10.0
2020-03-29,WP Labuan,10.0
2020-03-30,WP Labuan,10.0
2020-03-31,WP Labuan,10.0
2020-04-01,WP Labuan,10.0
2020-04-02,WP Labuan,10.0
2020-04-03,WP Labuan,10.0
2020-04-04,WP Labuan,10.0
2020-04-05,WP Labuan,10.0
2020-01-25,WP Kuala Lumpur,
2020-01-26,WP Kuala Lumpur,
2020-01-27,WP Kuala Lumpur,
2020-01-28,WP Kuala Lumpur,
2020-01-29,WP Kuala Lumpur,
2020-01-30,WP Kuala Lumpur,
2020-01-31,WP Kuala Lumpur,
2020-02-01,WP Kuala Lumpur,
2020-02-02,WP Kuala Lumpur,
2020-02-03,WP Kuala Lumpur,
2020-02-04,WP Kuala Lumpur,
2020-02-05,WP Kuala Lumpur,
2020-02-06,WP Kuala Lumpur,
2020-02-07,WP Kuala Lumpur,
2020-02-08,WP Kuala Lumpur,
2020-02-09,WP Kuala Lumpur,
2020-02-10,WP Kuala Lumpur,
2020-02-11,WP Kuala Lumpur,
2020-02-12,WP Kuala Lumpur,
2020-02-13,WP Kuala Lumpur,
2020-02-14,WP Kuala Lumpur,
2020-02-15,WP Kuala Lumpur,
2020-02-16,WP Kuala Lumpur,
2020-02-17,WP Kuala Lumpur,
2020-02-18,WP Kuala Lumpur,
2020-02-19,WP Kuala Lumpur,
2020-02-20,WP Kuala Lumpur,
2020-02-21,WP Kuala Lumpur,
2020-02-22,WP Kuala Lumpur,
2020-02-23,WP Kuala Lumpur,
2020-02-24,WP Kuala Lumpur,
2020-02-25,WP Kuala Lumpur,
2020-02-26,WP Kuala Lumpur,
2020-02-27,WP Kuala Lumpur,
2020-02-28,WP Kuala Lumpur,
2020-02-29,WP Kuala Lumpur,
2020-03-01,WP Kuala Lumpur,
2020-03-02,WP Kuala Lumpur,
2020-03-03,WP Kuala Lumpur,
2020-03-04,WP Kuala Lumpur,
2020-03-05,WP Kuala Lumpur,
2020-03-06,WP Kuala Lumpur,
2020-03-07,WP Kuala Lumpur,
2020-03-08,WP Kuala Lumpur,
2020-03-09,WP Kuala Lumpur,
2020-03-10,WP Kuala Lumpur,
2020-03-11,WP Kuala Lumpur,
2020-03-12,WP Kuala Lumpur,
2020-03-13,WP Kuala Lumpur,41.0
2020-03-14,WP Kuala Lumpur,44.0
2020-03-15,WP Kuala Lumpur,44.0
2020-03-16,WP Kuala Lumpur,106.0
2020-03-17,WP Kuala Lumpur,113.0
2020-03-18,WP Kuala Lumpur,119.0
2020-03-19,WP Kuala Lumpur,129.0
2020-03-20,WP Kuala Lumpur,145.0
2020-03-21,WP Kuala Lumpur,175.0
2020-03-22,WP Kuala Lumpur,192.0
2020-03-23,WP Kuala Lumpur,255.0
2020-03-24,WP Kuala Lumpur,272.0
2020-03-25,WP Kuala Lumpur,286.0
2020-03-26,WP Kuala Lumpur,339.0
2020-03-27,WP Kuala Lumpur,343.0
2020-03-28,WP Kuala Lumpur,364.0
2020-03-29,WP Kuala Lumpur,394.0
2020-03-30,WP Kuala Lumpur,420.0
2020-03-31,WP Kuala Lumpur,456.0
2020-04-01,WP Kuala Lumpur,456.0
2020-04-02,WP Kuala Lumpur,456.0
2020-04-03,WP Kuala Lumpur,456.0
2020-04-04,WP Kuala Lumpur,456.0
2020-04-05,WP Kuala Lumpur,456.0
2020-01-25,WP Putrajaya,
2020-01-26,WP Putrajaya,
2020-01-27,WP Putrajaya,
2020-01-28,WP Putrajaya,
2020-01-29,WP Putrajaya,
2020-01-30,WP Putrajaya,
2020-01-31,WP Putrajaya,
2020-02-01,WP Putrajaya,
2020-02-02,WP Putrajaya,
2020-02-03,WP Putrajaya,
2020-02-04,WP Putrajaya,
2020-02-05,WP Putrajaya,
2020-02-06,WP Putrajaya,
2020-02-07,WP Putrajaya,
2020-02-08,WP Putrajaya,
2020-02-09,WP Putrajaya,
2020-02-10,WP Putrajaya,
2020-02-11,WP Putrajaya,
2020-02-12,WP Putrajaya,
2020-02-13,WP Putrajaya,
2020-02-14,WP Putrajaya,
2020-02-15,WP Putrajaya,
2020-02-16,WP Putrajaya,
2020-02-17,WP Putrajaya,
2020-02-18,WP Putrajaya,
2020-02-19,WP Putrajaya,
2020-02-20,WP Putrajaya,
2020-02-21,WP Putrajaya,
2020-02-22,WP Putrajaya,
2020-02-23,WP Putrajaya,
2020-02-24,WP Putrajaya,
2020-02-25,WP Putrajaya,
2020-02-26,WP Putrajaya,
2020-02-27,WP Putrajaya,
2020-02-28,WP Putrajaya,
2020-02-29,WP Putrajaya,
2020-03-01,WP Putrajaya,
2020-03-02,WP Putrajaya,
2020-03-03,WP Putrajaya,
2020-03-04,WP Putrajaya,
2020-03-05,WP Putrajaya,
2020-03-06,WP Putrajaya,
2020-03-07,WP Putrajaya,
2020-03-08,WP Putrajaya,
2020-03-09,WP Putrajaya,
2020-03-10,WP Putrajaya,
2020-03-11,WP Putrajaya,
2020-03-12,WP Putrajaya,
2020-03-13,WP Putrajaya,1.0
2020-03-14,WP Putrajaya,1.0
2020-03-15,WP Putrajaya,1.0
2020-03-16,WP Putrajaya,1.0
2020-03-17,WP Putrajaya,1.0
2020-03-18,WP Putrajaya,1.0
2020-03-19,WP Putrajaya,6.0
2020-03-20,WP Putrajaya,6.0
2020-03-21,WP Putrajaya,9.0
2020-03-22,WP Putrajaya,9.0
2020-03-23,WP Putrajaya,13.0
2020-03-24,WP Putrajaya,15.0
2020-03-25,WP Putrajaya,16.0
2020-03-26,WP Putrajaya,18.0
2020-03-27,WP Putrajaya,20.0
2020-03-28,WP Putrajaya,20.0
2020-03-29,WP Putrajaya,22.0
2020-03-30,WP Putrajaya,24.0
2020-03-31,WP Putrajaya,26.0
2020-04-01,WP Putrajaya,26.0
2020-04-02,WP Putrajaya,26.0
2020-04-03,WP Putrajaya,26.0
2020-04-04,WP Putrajaya,26.0
2020-04-05,WP Putrajaya,26.0
